<?xml version="1.0" encoding="UTF-8"?><unload unload_date="2024-12-02 21:16:51">
<sys_remote_update_set action="INSERT_OR_UPDATE">
<application display_value="Global">global</application>
<application_name>Global</application_name>
<application_scope>global</application_scope>
<application_version/>
<collisions/>
<commit_date/>
<deleted/>
<description>Create Notification P1 Infinity</description>
<inserted/>
<name>SNAF_XAN_Lab_6.2.1</name>
<origin_sys_id/>
<parent display_value=""/>
<release_date/>
<remote_base_update_set display_value=""/>
<remote_parent_id/>
<remote_sys_id>d538a5ec21da5a107f44387bff0922c8</remote_sys_id>
<state>loaded</state>
<summary/>
<sys_class_name>sys_remote_update_set</sys_class_name>
<sys_created_by>admin</sys_created_by>
<sys_created_on>2024-12-02 21:16:51</sys_created_on>
<sys_id>e0075aa821de5a107f44387bff09226c</sys_id>
<sys_mod_count>0</sys_mod_count>
<sys_updated_by>admin</sys_updated_by>
<sys_updated_on>2024-12-02 21:16:51</sys_updated_on>
<update_set display_value=""/>
<update_source display_value=""/>
<updated/>
</sys_remote_update_set>
<sys_update_xml action="INSERT_OR_UPDATE">
<action>INSERT_OR_UPDATE</action>
<application display_value="Global">global</application>
<category>customer</category>
<comments/>
<name>sysevent_email_action_b878a920211e5a107f44387bff0922a5</name>
<payload>&lt;?xml version="1.0" encoding="UTF-8"?&gt;&lt;record_update sys_domain="global" table="sysevent_email_action"&gt;&lt;sysevent_email_action action="INSERT_OR_UPDATE"&gt;&lt;action_insert&gt;true&lt;/action_insert&gt;&lt;action_update&gt;true&lt;/action_update&gt;&lt;active&gt;true&lt;/active&gt;&lt;advanced_condition/&gt;&lt;affected_field_on_event/&gt;&lt;category display_value="Uncategorized" name="Uncategorized"&gt;c97d83137f4432005f58108c3ffa917a&lt;/category&gt;&lt;collection&gt;incident&lt;/collection&gt;&lt;condition table="incident"&gt;active=true^priority=1^service_offering=9c990924215a5a107f44387bff092212^EQ&lt;item endquery="false" field="active" goto="false" newquery="false" operator="=" or="false" value="true"/&gt;&lt;item display_value="1 - Critical" endquery="false" field="priority" goto="false" newquery="false" operator="=" or="false" value="1"/&gt;&lt;item display_table="service_offering" display_value="Infinity (HHD)" endquery="false" field="service_offering" goto="false" newquery="false" operator="=" or="false" value="9c990924215a5a107f44387bff092212"/&gt;&lt;item endquery="true" field="" goto="false" newquery="false" operator="=" or="false" value=""/&gt;&lt;/condition&gt;&lt;content_type&gt;text/html&lt;/content_type&gt;&lt;default_interval/&gt;&lt;description/&gt;&lt;digest_from/&gt;&lt;digest_html/&gt;&lt;digest_reply_to/&gt;&lt;digest_separator_html&gt;&lt;![CDATA[&lt;p&gt;&amp;nbsp;&lt;/p&gt;
&lt;hr&gt;
&lt;p&gt;&amp;nbsp;&lt;/p&gt;]]&gt;&lt;/digest_separator_html&gt;&lt;digest_separator_text&gt;&lt;![CDATA[\n--------------------------------------------------------------------------------\n]]&gt;&lt;/digest_separator_text&gt;&lt;digest_subject/&gt;&lt;digest_template/&gt;&lt;digest_text/&gt;&lt;digestable&gt;false&lt;/digestable&gt;&lt;enable_dynamic_translation&gt;false&lt;/enable_dynamic_translation&gt;&lt;event_name&gt;activate.life.cycle.migration&lt;/event_name&gt;&lt;event_parm_1&gt;false&lt;/event_parm_1&gt;&lt;event_parm_2&gt;false&lt;/event_parm_2&gt;&lt;exclude_delegates&gt;false&lt;/exclude_delegates&gt;&lt;force_delivery&gt;false&lt;/force_delivery&gt;&lt;from/&gt;&lt;generation_type&gt;engine&lt;/generation_type&gt;&lt;importance/&gt;&lt;include_attachments&gt;false&lt;/include_attachments&gt;&lt;item&gt;event.parm1&lt;/item&gt;&lt;item_table/&gt;&lt;mandatory&gt;false&lt;/mandatory&gt;&lt;message/&gt;&lt;message_html&gt;&lt;![CDATA[&lt;p&gt;Critical Incident ${URI_REF} has been created for Infinity (HHD) service offering.&lt;/p&gt;]]&gt;&lt;/message_html&gt;&lt;message_list/&gt;&lt;message_text/&gt;&lt;name&gt;P1 Infinity (HHD Incident)&lt;/name&gt;&lt;omit_watermark&gt;false&lt;/omit_watermark&gt;&lt;order&gt;100&lt;/order&gt;&lt;push_message_only&gt;false&lt;/push_message_only&gt;&lt;recipient_fields&gt;business_service.owned_by,service_offering.owned_by&lt;/recipient_fields&gt;&lt;recipient_groups name="Training Technology Support"&gt;a6d98d24215a5a107f44387bff092241&lt;/recipient_groups&gt;&lt;recipient_users/&gt;&lt;reply_to/&gt;&lt;send_self&gt;true&lt;/send_self&gt;&lt;sms_alternate/&gt;&lt;style/&gt;&lt;subject&gt;IMPORTANT! P1 Infinity (HHD) Incident ${number}&lt;/subject&gt;&lt;subscribable&gt;false&lt;/subscribable&gt;&lt;sys_class_name&gt;sysevent_email_action&lt;/sys_class_name&gt;&lt;sys_created_by&gt;admin&lt;/sys_created_by&gt;&lt;sys_created_on&gt;2024-12-02 17:54:16&lt;/sys_created_on&gt;&lt;sys_domain&gt;global&lt;/sys_domain&gt;&lt;sys_domain_path&gt;/&lt;/sys_domain_path&gt;&lt;sys_id&gt;b878a920211e5a107f44387bff0922a5&lt;/sys_id&gt;&lt;sys_mod_count&gt;3&lt;/sys_mod_count&gt;&lt;sys_name&gt;P1 Infinity (HHD Incident)&lt;/sys_name&gt;&lt;sys_overrides/&gt;&lt;sys_package display_value="Global" source="global"&gt;global&lt;/sys_package&gt;&lt;sys_policy/&gt;&lt;sys_scope display_value="Global"&gt;global&lt;/sys_scope&gt;&lt;sys_update_name&gt;sysevent_email_action_b878a920211e5a107f44387bff0922a5&lt;/sys_update_name&gt;&lt;sys_updated_by&gt;admin&lt;/sys_updated_by&gt;&lt;sys_updated_on&gt;2024-12-02 17:56:35&lt;/sys_updated_on&gt;&lt;sys_version&gt;2&lt;/sys_version&gt;&lt;template display_value="Unsubscribe and Preferences"&gt;7ed0481f3b0b2200c869c2c703efc487&lt;/template&gt;&lt;type&gt;email&lt;/type&gt;&lt;weight&gt;0&lt;/weight&gt;&lt;/sysevent_email_action&gt;&lt;/record_update&gt;</payload>
<payload_hash>1545955629</payload_hash>
<remote_update_set display_value="SNAF_XAN_Lab_6.2.1">e0075aa821de5a107f44387bff09226c</remote_update_set>
<replace_on_upgrade>false</replace_on_upgrade>
<sys_created_by>admin</sys_created_by>
<sys_created_on>2024-12-02 21:16:51</sys_created_on>
<sys_id>a4075aa821de5a107f44387bff09226c</sys_id>
<sys_mod_count>0</sys_mod_count>
<sys_recorded_at>1938884a0270000001</sys_recorded_at>
<sys_updated_by>admin</sys_updated_by>
<sys_updated_on>2024-12-02 21:16:51</sys_updated_on>
<table>incident</table>
<target_name>P1 Infinity (HHD Incident)</target_name>
<type>Notification</type>
<update_domain>global</update_domain>
<update_guid>a339a960501e5a1026a4e2437ee45953</update_guid>
<update_guid_history>a339a960501e5a1026a4e2437ee45953:1545955629,4329e160ae1e5a10104a8671a614951e:1545955629,dfe82520331e5a105dc3a40599ad8e97:1626543979,8ce8e1604f1e5a10644bcc7d3d06e516:991569775,d5a82d201a1e5a1028e6bb80d22fde35:860289384</update_guid_history>
<update_set display_value=""/>
<view/>
</sys_update_xml>
</unload>
