<?xml version="1.0" encoding="UTF-8"?><unload unload_date="2024-12-02 21:17:33">
<sys_remote_update_set action="INSERT_OR_UPDATE">
<application display_value="Global">global</application>
<application_name>Global</application_name>
<application_scope>global</application_scope>
<application_version/>
<collisions/>
<commit_date/>
<deleted/>
<description>Add Updated &amp; Updated By fields to Maintain Catalog Items</description>
<inserted/>
<name>SNAF_XAN_Lab_7.2.1</name>
<origin_sys_id/>
<parent display_value=""/>
<release_date/>
<remote_base_update_set display_value=""/>
<remote_parent_id/>
<remote_sys_id>1d9f796c215e5a107f44387bff092256</remote_sys_id>
<state>loaded</state>
<summary/>
<sys_class_name>sys_remote_update_set</sys_class_name>
<sys_created_by>admin</sys_created_by>
<sys_created_on>2024-12-02 21:17:32</sys_created_on>
<sys_id>3227d2a821de5a107f44387bff0922b8</sys_id>
<sys_mod_count>0</sys_mod_count>
<sys_updated_by>admin</sys_updated_by>
<sys_updated_on>2024-12-02 21:17:32</sys_updated_on>
<update_set display_value=""/>
<update_source display_value=""/>
<updated/>
</sys_remote_update_set>
<sys_update_xml action="INSERT_OR_UPDATE">
<action>INSERT_OR_UPDATE</action>
<application display_value="Global">global</application>
<category>customer</category>
<comments/>
<name>sys_ui_section_9812a36687121300bcbf480688cb0ba8</name>
<payload><![CDATA[<?xml version="1.0" encoding="UTF-8"?><record_update><sys_ui_section caption="Process Engine" section_id="9812a36687121300bcbf480688cb0ba8" sys_domain="global" table="sc_cat_item" version="3" view=""><sys_ui_annotation action="INSERT_OR_UPDATE"><is_plain_text>false</is_plain_text><sys_created_by>admin</sys_created_by><sys_created_on>2024-12-02 19:36:26</sys_created_on><sys_id>b1000eac215e5a107f44387bff092298</sys_id><sys_mod_count>0</sys_mod_count><sys_updated_by>admin</sys_updated_by><sys_updated_on>2024-12-02 19:36:26</sys_updated_on><text>${gs.getMessage('Select the appropriate process engine for the catalog Item. Only one engine can be selected.')}</text><type display_value="Section Details">19756e5ec3313000bac1addbdfba8f18</type></sys_ui_annotation><sys_ui_element action="INSERT_OR_UPDATE"><element>b1000eac215e5a107f44387bff092298</element><position>0</position><sys_created_by>admin</sys_created_by><sys_created_on>2024-12-02 19:36:26</sys_created_on><sys_id>b9000eac215e5a107f44387bff09229c</sys_id><sys_mod_count>0</sys_mod_count><sys_ui_formatter/><sys_ui_section caption="Process Engine" display_value="Process Engine" name="sc_cat_item" sys_domain="global" view="Default view">9812a36687121300bcbf480688cb0ba8</sys_ui_section><sys_updated_by>admin</sys_updated_by><sys_updated_on>2024-12-02 19:36:26</sys_updated_on><sys_user/><type>annotation</type></sys_ui_element><sys_ui_element action="INSERT_OR_UPDATE"><element>flow_designer_flow</element><position>1</position><sys_created_by>admin</sys_created_by><sys_created_on>2024-12-02 19:36:26</sys_created_on><sys_id>b1000eac215e5a107f44387bff09229d</sys_id><sys_mod_count>0</sys_mod_count><sys_ui_formatter/><sys_ui_section caption="Process Engine" display_value="Process Engine" name="sc_cat_item" sys_domain="global" view="Default view">9812a36687121300bcbf480688cb0ba8</sys_ui_section><sys_updated_by>admin</sys_updated_by><sys_updated_on>2024-12-02 19:36:26</sys_updated_on><sys_user/><type/></sys_ui_element><sys_ui_element action="INSERT_OR_UPDATE"><element>workflow</element><position>2</position><sys_created_by>admin</sys_created_by><sys_created_on>2024-12-02 19:36:26</sys_created_on><sys_id>b9000eac215e5a107f44387bff09229d</sys_id><sys_mod_count>0</sys_mod_count><sys_ui_formatter/><sys_ui_section caption="Process Engine" display_value="Process Engine" name="sc_cat_item" sys_domain="global" view="Default view">9812a36687121300bcbf480688cb0ba8</sys_ui_section><sys_updated_by>admin</sys_updated_by><sys_updated_on>2024-12-02 19:36:26</sys_updated_on><sys_user/><type/></sys_ui_element><sys_ui_element action="INSERT_OR_UPDATE"><element>delivery_plan</element><position>3</position><sys_created_by>admin</sys_created_by><sys_created_on>2024-12-02 19:36:26</sys_created_on><sys_id>b1000eac215e5a107f44387bff09229e</sys_id><sys_mod_count>0</sys_mod_count><sys_ui_formatter/><sys_ui_section caption="Process Engine" display_value="Process Engine" name="sc_cat_item" sys_domain="global" view="Default view">9812a36687121300bcbf480688cb0ba8</sys_ui_section><sys_updated_by>admin</sys_updated_by><sys_updated_on>2024-12-02 19:36:26</sys_updated_on><sys_user/><type/></sys_ui_element><sys_ui_section action="INSERT_OR_UPDATE"><caption>Process Engine</caption><header>false</header><name>sc_cat_item</name><roles/><sys_class_name>sys_ui_section</sys_class_name><sys_created_by>admin</sys_created_by><sys_created_on>2018-05-29 05:38:47</sys_created_on><sys_domain>global</sys_domain><sys_domain_path/><sys_id>9812a36687121300bcbf480688cb0ba8</sys_id><sys_mod_count>0</sys_mod_count><sys_name>sc_cat_item</sys_name><sys_overrides/><sys_package display_value="Service Catalog Platform" source="com.glideapp.servicecatalog.platform">2b13dd8d838212107f44fd2d4eda1e14</sys_package><sys_policy/><sys_scope display_value="Global">global</sys_scope><sys_update_name>sys_ui_section_9812a36687121300bcbf480688cb0ba8</sys_update_name><sys_updated_by>admin</sys_updated_by><sys_updated_on>2018-05-29 05:38:47</sys_updated_on><sys_user/><title>false</title><view display_value="Default view" name="NULL">Default view</view><view_name/></sys_ui_section></sys_ui_section></record_update>]]></payload>
<payload_hash>-1537012731</payload_hash>
<remote_update_set display_value="SNAF_XAN_Lab_7.2.1">3227d2a821de5a107f44387bff0922b8</remote_update_set>
<replace_on_upgrade>false</replace_on_upgrade>
<sys_created_by>admin</sys_created_by>
<sys_created_on>2024-12-02 21:17:32</sys_created_on>
<sys_id>3e27d2a821de5a107f44387bff0922b8</sys_id>
<sys_mod_count>0</sys_mod_count>
<sys_recorded_at>19388dfc6020000001</sys_recorded_at>
<sys_updated_by>admin</sys_updated_by>
<sys_updated_on>2024-12-02 21:17:32</sys_updated_on>
<table>sc_cat_item</table>
<target_name>Catalog Item</target_name>
<type>Form Layout</type>
<update_domain>global</update_domain>
<update_guid>3d000eacc05e5a10c36418fcd6ac1d9f</update_guid>
<update_guid_history>3d000eacc05e5a10c36418fcd6ac1d9f:-1537012731,bd000eac1a5e5a10fc812110678cc699:-1308919458</update_guid_history>
<update_set display_value=""/>
<view/>
</sys_update_xml>
<sys_update_xml action="INSERT_OR_UPDATE">
<action>INSERT_OR_UPDATE</action>
<application display_value="Global">global</application>
<category>customer</category>
<comments/>
<name>sys_ui_section_7934f524876a1300bcbf480688cb0b4f</name>
<payload><![CDATA[<?xml version="1.0" encoding="UTF-8"?><record_update><sys_ui_section caption="Picture" section_id="7934f524876a1300bcbf480688cb0b4f" sys_domain="global" table="sc_cat_item" version="3" view=""><sys_ui_annotation action="INSERT_OR_UPDATE"><is_plain_text>false</is_plain_text><sys_created_by>admin</sys_created_by><sys_created_on>2024-12-02 19:36:26</sys_created_on><sys_id>b9000eac215e5a107f44387bff0922a3</sys_id><sys_mod_count>0</sys_mod_count><sys_updated_by>admin</sys_updated_by><sys_updated_on>2024-12-02 19:36:26</sys_updated_on><text>${gs.getMessage('Add an icon and picture for display')}</text><type display_value="Section Details">19756e5ec3313000bac1addbdfba8f18</type></sys_ui_annotation><sys_ui_element action="INSERT_OR_UPDATE"><element>b9000eac215e5a107f44387bff0922a3</element><position>0</position><sys_created_by>admin</sys_created_by><sys_created_on>2024-12-02 19:36:26</sys_created_on><sys_id>79000eac215e5a107f44387bff0922a7</sys_id><sys_mod_count>0</sys_mod_count><sys_ui_formatter/><sys_ui_section caption="Picture" display_value="Picture" name="sc_cat_item" sys_domain="global" view="Default view">7934f524876a1300bcbf480688cb0b4f</sys_ui_section><sys_updated_by>admin</sys_updated_by><sys_updated_on>2024-12-02 19:36:26</sys_updated_on><sys_user/><type>annotation</type></sys_ui_element><sys_ui_element action="INSERT_OR_UPDATE"><element>icon</element><position>1</position><sys_created_by>admin</sys_created_by><sys_created_on>2024-12-02 19:36:26</sys_created_on><sys_id>71000eac215e5a107f44387bff0922a8</sys_id><sys_mod_count>0</sys_mod_count><sys_ui_formatter/><sys_ui_section caption="Picture" display_value="Picture" name="sc_cat_item" sys_domain="global" view="Default view">7934f524876a1300bcbf480688cb0b4f</sys_ui_section><sys_updated_by>admin</sys_updated_by><sys_updated_on>2024-12-02 19:36:26</sys_updated_on><sys_user/><type/></sys_ui_element><sys_ui_element action="INSERT_OR_UPDATE"><element>picture</element><position>2</position><sys_created_by>admin</sys_created_by><sys_created_on>2024-12-02 19:36:26</sys_created_on><sys_id>79000eac215e5a107f44387bff0922a8</sys_id><sys_mod_count>0</sys_mod_count><sys_ui_formatter/><sys_ui_section caption="Picture" display_value="Picture" name="sc_cat_item" sys_domain="global" view="Default view">7934f524876a1300bcbf480688cb0b4f</sys_ui_section><sys_updated_by>admin</sys_updated_by><sys_updated_on>2024-12-02 19:36:26</sys_updated_on><sys_user/><type/></sys_ui_element><sys_ui_section action="INSERT_OR_UPDATE"><caption>Picture</caption><header>false</header><name>sc_cat_item</name><roles/><sys_class_name>sys_ui_section</sys_class_name><sys_created_by>admin</sys_created_by><sys_created_on>2018-06-04 02:46:41</sys_created_on><sys_domain>global</sys_domain><sys_domain_path/><sys_id>7934f524876a1300bcbf480688cb0b4f</sys_id><sys_mod_count>0</sys_mod_count><sys_name>sc_cat_item</sys_name><sys_overrides/><sys_package display_value="Service Catalog Platform" source="com.glideapp.servicecatalog.platform">2b13dd8d838212107f44fd2d4eda1e14</sys_package><sys_policy/><sys_scope display_value="Global">global</sys_scope><sys_update_name>sys_ui_section_7934f524876a1300bcbf480688cb0b4f</sys_update_name><sys_updated_by>admin</sys_updated_by><sys_updated_on>2018-06-04 02:46:41</sys_updated_on><sys_user/><title>false</title><view display_value="Default view" name="NULL">Default view</view><view_name/></sys_ui_section></sys_ui_section></record_update>]]></payload>
<payload_hash>1313093477</payload_hash>
<remote_update_set display_value="SNAF_XAN_Lab_7.2.1">3227d2a821de5a107f44387bff0922b8</remote_update_set>
<replace_on_upgrade>false</replace_on_upgrade>
<sys_created_by>admin</sys_created_by>
<sys_created_on>2024-12-02 21:17:32</sys_created_on>
<sys_id>7a27d2a821de5a107f44387bff0922b8</sys_id>
<sys_mod_count>0</sys_mod_count>
<sys_recorded_at>19388dfc6640000001</sys_recorded_at>
<sys_updated_by>admin</sys_updated_by>
<sys_updated_on>2024-12-02 21:17:32</sys_updated_on>
<table>sc_cat_item</table>
<target_name>Catalog Item</target_name>
<type>Form Layout</type>
<update_domain>global</update_domain>
<update_guid>b1000eac015e5a1081fc8ffcb9e0b9aa</update_guid>
<update_guid_history>b1000eac015e5a1081fc8ffcb9e0b9aa:1313093477,75000eac455e5a10a8a1629dc84e54a5:-1705006570</update_guid_history>
<update_set display_value=""/>
<view/>
</sys_update_xml>
<sys_update_xml action="INSERT_OR_UPDATE">
<action>INSERT_OR_UPDATE</action>
<application display_value="Global">global</application>
<category>customer</category>
<comments/>
<name>sys_ui_section_7534f524876a1300bcbf480688cb0b4e</name>
<payload><![CDATA[<?xml version="1.0" encoding="UTF-8"?><record_update><sys_ui_section caption="Item Details" section_id="7534f524876a1300bcbf480688cb0b4e" sys_domain="global" table="sc_cat_item" version="3" view=""><sys_ui_annotation action="INSERT_OR_UPDATE"><is_plain_text>false</is_plain_text><sys_created_by>admin</sys_created_by><sys_created_on>2024-12-02 19:36:26</sys_created_on><sys_id>f1000eac215e5a107f44387bff09228c</sys_id><sys_mod_count>0</sys_mod_count><sys_updated_by>admin</sys_updated_by><sys_updated_on>2024-12-02 19:36:26</sys_updated_on><text>${gs.getMessage("Add relevant tags to the Meta field using comma-separated list of tags. These tags will be used while searching the item. Not applicable if AI Search is configured.")}</text><type display_value="Section Details">19756e5ec3313000bac1addbdfba8f18</type></sys_ui_annotation><sys_ui_element action="INSERT_OR_UPDATE"><element>short_description</element><position>0</position><sys_created_by>admin</sys_created_by><sys_created_on>2024-12-02 19:36:26</sys_created_on><sys_id>f9000eac215e5a107f44387bff092290</sys_id><sys_mod_count>0</sys_mod_count><sys_ui_formatter/><sys_ui_section caption="Item Details" display_value="Item Details" name="sc_cat_item" sys_domain="global" view="Default view">7534f524876a1300bcbf480688cb0b4e</sys_ui_section><sys_updated_by>admin</sys_updated_by><sys_updated_on>2024-12-02 19:36:26</sys_updated_on><sys_user/><type/></sys_ui_element><sys_ui_element action="INSERT_OR_UPDATE"><element>description</element><position>1</position><sys_created_by>admin</sys_created_by><sys_created_on>2024-12-02 19:36:26</sys_created_on><sys_id>f1000eac215e5a107f44387bff092291</sys_id><sys_mod_count>0</sys_mod_count><sys_ui_formatter/><sys_ui_section caption="Item Details" display_value="Item Details" name="sc_cat_item" sys_domain="global" view="Default view">7534f524876a1300bcbf480688cb0b4e</sys_ui_section><sys_updated_by>admin</sys_updated_by><sys_updated_on>2024-12-02 19:36:26</sys_updated_on><sys_user/><type/></sys_ui_element><sys_ui_element action="INSERT_OR_UPDATE"><element>f1000eac215e5a107f44387bff09228c</element><position>2</position><sys_created_by>admin</sys_created_by><sys_created_on>2024-12-02 19:36:26</sys_created_on><sys_id>f9000eac215e5a107f44387bff092291</sys_id><sys_mod_count>0</sys_mod_count><sys_ui_formatter/><sys_ui_section caption="Item Details" display_value="Item Details" name="sc_cat_item" sys_domain="global" view="Default view">7534f524876a1300bcbf480688cb0b4e</sys_ui_section><sys_updated_by>admin</sys_updated_by><sys_updated_on>2024-12-02 19:36:26</sys_updated_on><sys_user/><type>annotation</type></sys_ui_element><sys_ui_element action="INSERT_OR_UPDATE"><element>meta</element><position>3</position><sys_created_by>admin</sys_created_by><sys_created_on>2024-12-02 19:36:26</sys_created_on><sys_id>f1000eac215e5a107f44387bff092292</sys_id><sys_mod_count>0</sys_mod_count><sys_ui_formatter/><sys_ui_section caption="Item Details" display_value="Item Details" name="sc_cat_item" sys_domain="global" view="Default view">7534f524876a1300bcbf480688cb0b4e</sys_ui_section><sys_updated_by>admin</sys_updated_by><sys_updated_on>2024-12-02 19:36:26</sys_updated_on><sys_user/><type/></sys_ui_element><sys_ui_section action="INSERT_OR_UPDATE"><caption>Item Details</caption><header>false</header><name>sc_cat_item</name><roles/><sys_class_name>sys_ui_section</sys_class_name><sys_created_by>admin</sys_created_by><sys_created_on>2018-06-04 02:46:41</sys_created_on><sys_domain>global</sys_domain><sys_domain_path/><sys_id>7534f524876a1300bcbf480688cb0b4e</sys_id><sys_mod_count>0</sys_mod_count><sys_name>sc_cat_item</sys_name><sys_overrides/><sys_package display_value="Service Catalog Platform" source="com.glideapp.servicecatalog.platform">2b13dd8d838212107f44fd2d4eda1e14</sys_package><sys_policy/><sys_scope display_value="Global">global</sys_scope><sys_update_name>sys_ui_section_7534f524876a1300bcbf480688cb0b4e</sys_update_name><sys_updated_by>admin</sys_updated_by><sys_updated_on>2018-06-04 02:46:41</sys_updated_on><sys_user/><title>false</title><view display_value="Default view" name="NULL">Default view</view><view_name/></sys_ui_section></sys_ui_section></record_update>]]></payload>
<payload_hash>1284774359</payload_hash>
<remote_update_set display_value="SNAF_XAN_Lab_7.2.1">3227d2a821de5a107f44387bff0922b8</remote_update_set>
<replace_on_upgrade>false</replace_on_upgrade>
<sys_created_by>admin</sys_created_by>
<sys_created_on>2024-12-02 21:17:32</sys_created_on>
<sys_id>b627d2a821de5a107f44387bff0922b8</sys_id>
<sys_mod_count>0</sys_mod_count>
<sys_recorded_at>19388dfc5900000001</sys_recorded_at>
<sys_updated_by>admin</sys_updated_by>
<sys_updated_on>2024-12-02 21:17:32</sys_updated_on>
<table>sc_cat_item</table>
<target_name>Catalog Item</target_name>
<type>Form Layout</type>
<update_domain>global</update_domain>
<update_guid>7d000eac085e5a10da7f70c9b9264593</update_guid>
<update_guid_history>7d000eac085e5a10da7f70c9b9264593:1284774359,fd000eac405e5a103e5ce222411c108d:352179176</update_guid_history>
<update_set display_value=""/>
<view/>
</sys_update_xml>
<sys_update_xml action="INSERT_OR_UPDATE">
<action>INSERT_OR_UPDATE</action>
<application display_value="Global">global</application>
<category>customer</category>
<comments/>
<name>sys_choice_sc_cat_item_recurring_frequency</name>
<payload><![CDATA[<?xml version="1.0" encoding="UTF-8"?><record_update><sys_choice action="INSERT_OR_UPDATE" field="recurring_frequency" table="sc_cat_item" version="3"><sys_choice_set action="INSERT_OR_UPDATE"><element>recurring_frequency</element><name>sc_cat_item</name><sys_class_name>sys_choice_set</sys_class_name><sys_created_by>admin</sys_created_by><sys_created_on>2024-12-02 19:36:27</sys_created_on><sys_id>8e000eac215e5a107f44387bff0922b0</sys_id><sys_mod_count>0</sys_mod_count><sys_name>recurring_frequency</sys_name><sys_package display_value="Global" source="global">global</sys_package><sys_policy/><sys_scope display_value="Global">global</sys_scope><sys_update_name>sys_choice_sc_cat_item_recurring_frequency</sys_update_name><sys_updated_by>admin</sys_updated_by><sys_updated_on>2024-12-02 19:36:27</sys_updated_on></sys_choice_set><sys_choice action="INSERT_OR_UPDATE"><dependent_value/><element>recurring_frequency</element><hint/><inactive>false</inactive><label>Daily</label><language>en</language><name>sc_cat_item</name><sequence>0</sequence><synonyms/><sys_created_by>admin</sys_created_by><sys_created_on>2024-12-02 19:36:27</sys_created_on><sys_domain>global</sys_domain><sys_domain_path>/</sys_domain_path><sys_id>4a000eac215e5a107f44387bff0922b0</sys_id><sys_mod_count>0</sys_mod_count><sys_updated_by>admin</sys_updated_by><sys_updated_on>2024-12-02 19:36:27</sys_updated_on><value>daily</value></sys_choice><sys_choice action="INSERT_OR_UPDATE"><dependent_value/><element>recurring_frequency</element><hint/><inactive>false</inactive><label>Weekly</label><language>en</language><name>sc_cat_item</name><sequence>1</sequence><synonyms/><sys_created_by>admin</sys_created_by><sys_created_on>2024-12-02 19:36:27</sys_created_on><sys_domain>global</sys_domain><sys_domain_path>/</sys_domain_path><sys_id>42000eac215e5a107f44387bff0922b6</sys_id><sys_mod_count>0</sys_mod_count><sys_updated_by>admin</sys_updated_by><sys_updated_on>2024-12-02 19:36:27</sys_updated_on><value>weekly</value></sys_choice><sys_choice action="INSERT_OR_UPDATE"><dependent_value/><element>recurring_frequency</element><hint/><inactive>false</inactive><label>Every 2 Weeks</label><language>en</language><name>sc_cat_item</name><sequence>2</sequence><synonyms/><sys_created_by>admin</sys_created_by><sys_created_on>2024-12-02 19:36:27</sys_created_on><sys_domain>global</sys_domain><sys_domain_path>/</sys_domain_path><sys_id>c6000eac215e5a107f44387bff0922d3</sys_id><sys_mod_count>0</sys_mod_count><sys_updated_by>admin</sys_updated_by><sys_updated_on>2024-12-02 19:36:27</sys_updated_on><value>weekly2</value></sys_choice><sys_choice action="INSERT_OR_UPDATE"><dependent_value/><element>recurring_frequency</element><hint/><inactive>false</inactive><label>Monthly</label><language>en</language><name>sc_cat_item</name><sequence>3</sequence><synonyms/><sys_created_by>admin</sys_created_by><sys_created_on>2024-12-02 19:36:27</sys_created_on><sys_domain>global</sys_domain><sys_domain_path>/</sys_domain_path><sys_id>ce000eac215e5a107f44387bff0922d7</sys_id><sys_mod_count>0</sys_mod_count><sys_updated_by>admin</sys_updated_by><sys_updated_on>2024-12-02 19:36:27</sys_updated_on><value>monthly</value></sys_choice><sys_choice action="INSERT_OR_UPDATE"><dependent_value/><element>recurring_frequency</element><hint/><inactive>false</inactive><label>Every 2 Months</label><language>en</language><name>sc_cat_item</name><sequence>4</sequence><synonyms/><sys_created_by>admin</sys_created_by><sys_created_on>2024-12-02 19:36:27</sys_created_on><sys_domain>global</sys_domain><sys_domain_path>/</sys_domain_path><sys_id>c6000eac215e5a107f44387bff0922dc</sys_id><sys_mod_count>0</sys_mod_count><sys_updated_by>admin</sys_updated_by><sys_updated_on>2024-12-02 19:36:27</sys_updated_on><value>monthly2</value></sys_choice><sys_choice action="INSERT_OR_UPDATE"><dependent_value/><element>recurring_frequency</element><hint/><inactive>false</inactive><label>Quarterly</label><language>en</language><name>sc_cat_item</name><sequence>5</sequence><synonyms/><sys_created_by>admin</sys_created_by><sys_created_on>2024-12-02 19:36:27</sys_created_on><sys_domain>global</sys_domain><sys_domain_path>/</sys_domain_path><sys_id>ce000eac215e5a107f44387bff0922e0</sys_id><sys_mod_count>0</sys_mod_count><sys_updated_by>admin</sys_updated_by><sys_updated_on>2024-12-02 19:36:27</sys_updated_on><value>quarterly</value></sys_choice><sys_choice action="INSERT_OR_UPDATE"><dependent_value/><element>recurring_frequency</element><hint/><inactive>false</inactive><label>Semi-Annual</label><language>en</language><name>sc_cat_item</name><sequence>6</sequence><synonyms/><sys_created_by>admin</sys_created_by><sys_created_on>2024-12-02 19:36:27</sys_created_on><sys_domain>global</sys_domain><sys_domain_path>/</sys_domain_path><sys_id>c6000eac215e5a107f44387bff0922e5</sys_id><sys_mod_count>0</sys_mod_count><sys_updated_by>admin</sys_updated_by><sys_updated_on>2024-12-02 19:36:27</sys_updated_on><value>semiannual</value></sys_choice><sys_choice action="INSERT_OR_UPDATE"><dependent_value/><element>recurring_frequency</element><hint/><inactive>false</inactive><label>Annually</label><language>en</language><name>sc_cat_item</name><sequence>7</sequence><synonyms/><sys_created_by>admin</sys_created_by><sys_created_on>2024-12-02 19:36:27</sys_created_on><sys_domain>global</sys_domain><sys_domain_path>/</sys_domain_path><sys_id>ce000eac215e5a107f44387bff0922e9</sys_id><sys_mod_count>0</sys_mod_count><sys_updated_by>admin</sys_updated_by><sys_updated_on>2024-12-02 19:36:27</sys_updated_on><value>yearly</value></sys_choice></sys_choice></record_update>]]></payload>
<payload_hash>1412913512</payload_hash>
<remote_update_set display_value="SNAF_XAN_Lab_7.2.1">3227d2a821de5a107f44387bff0922b8</remote_update_set>
<replace_on_upgrade>false</replace_on_upgrade>
<sys_created_by>admin</sys_created_by>
<sys_created_on>2024-12-02 21:17:32</sys_created_on>
<sys_id>f227d2a821de5a107f44387bff0922b8</sys_id>
<sys_mod_count>0</sys_mod_count>
<sys_recorded_at>19388dfc8aa0000001</sys_recorded_at>
<sys_updated_by>admin</sys_updated_by>
<sys_updated_on>2024-12-02 21:17:32</sys_updated_on>
<table>sc_cat_item</table>
<target_name>Catalog Item.Recurring price frequency</target_name>
<type>Choice list</type>
<update_domain>global</update_domain>
<update_guid>46000eac0f5e5a106a66701736efd8ef</update_guid>
<update_guid_history>46000eac0f5e5a106a66701736efd8ef:1412913512</update_guid_history>
<update_set display_value=""/>
<view/>
</sys_update_xml>
<sys_update_xml action="INSERT_OR_UPDATE">
<action>INSERT_OR_UPDATE</action>
<application display_value="Global">global</application>
<category>customer</category>
<comments/>
<name>sys_ui_section_d1524917c0a8016501437a6d1510302f</name>
<payload><![CDATA[<?xml version="1.0" encoding="UTF-8"?><record_update><sys_ui_section caption="" section_id="d1524917c0a8016501437a6d1510302f" sys_domain="global" table="sc_cat_item" version="3" view=""><sys_ui_annotation action="INSERT_OR_UPDATE"><is_plain_text>false</is_plain_text><sys_created_by>admin</sys_created_by><sys_created_on>2024-12-02 19:36:26</sys_created_on><sys_id>fd000eac215e5a107f44387bff092271</sys_id><sys_mod_count>0</sys_mod_count><sys_updated_by>admin</sys_updated_by><sys_updated_on>2024-12-02 19:36:26</sys_updated_on><text>${gs.getMessage('SC Item Form Description')}</text><type display_value="Section Details">19756e5ec3313000bac1addbdfba8f18</type></sys_ui_annotation><sys_ui_element action="INSERT_OR_UPDATE"><element>fd000eac215e5a107f44387bff092271</element><position>0</position><sys_created_by>admin</sys_created_by><sys_created_on>2024-12-02 19:36:26</sys_created_on><sys_id>3d000eac215e5a107f44387bff09227d</sys_id><sys_mod_count>0</sys_mod_count><sys_ui_formatter/><sys_ui_section caption="NULL" display_value="" name="sc_cat_item" sys_domain="global" view="Default view">d1524917c0a8016501437a6d1510302f</sys_ui_section><sys_updated_by>admin</sys_updated_by><sys_updated_on>2024-12-02 19:36:26</sys_updated_on><sys_user/><type>annotation</type></sys_ui_element><sys_ui_element action="INSERT_OR_UPDATE"><element>.begin_split</element><position>1</position><sys_created_by>admin</sys_created_by><sys_created_on>2024-12-02 19:36:26</sys_created_on><sys_id>79000eac215e5a107f44387bff09227e</sys_id><sys_mod_count>0</sys_mod_count><sys_ui_formatter/><sys_ui_section caption="NULL" display_value="" name="sc_cat_item" sys_domain="global" view="Default view">d1524917c0a8016501437a6d1510302f</sys_ui_section><sys_updated_by>admin</sys_updated_by><sys_updated_on>2024-12-02 19:36:26</sys_updated_on><sys_user/><type>.begin_split</type></sys_ui_element><sys_ui_element action="INSERT_OR_UPDATE"><element>name</element><position>2</position><sys_created_by>admin</sys_created_by><sys_created_on>2024-12-02 19:36:26</sys_created_on><sys_id>71000eac215e5a107f44387bff09227f</sys_id><sys_mod_count>0</sys_mod_count><sys_ui_formatter/><sys_ui_section caption="NULL" display_value="" name="sc_cat_item" sys_domain="global" view="Default view">d1524917c0a8016501437a6d1510302f</sys_ui_section><sys_updated_by>admin</sys_updated_by><sys_updated_on>2024-12-02 19:36:26</sys_updated_on><sys_user/><type/></sys_ui_element><sys_ui_element action="INSERT_OR_UPDATE"><element>sc_catalogs</element><position>3</position><sys_created_by>admin</sys_created_by><sys_created_on>2024-12-02 19:36:26</sys_created_on><sys_id>79000eac215e5a107f44387bff09227f</sys_id><sys_mod_count>0</sys_mod_count><sys_ui_formatter/><sys_ui_section caption="NULL" display_value="" name="sc_cat_item" sys_domain="global" view="Default view">d1524917c0a8016501437a6d1510302f</sys_ui_section><sys_updated_by>admin</sys_updated_by><sys_updated_on>2024-12-02 19:36:26</sys_updated_on><sys_user/><type/></sys_ui_element><sys_ui_element action="INSERT_OR_UPDATE"><element>category</element><position>4</position><sys_created_by>admin</sys_created_by><sys_created_on>2024-12-02 19:36:26</sys_created_on><sys_id>71000eac215e5a107f44387bff092280</sys_id><sys_mod_count>0</sys_mod_count><sys_ui_formatter/><sys_ui_section caption="NULL" display_value="" name="sc_cat_item" sys_domain="global" view="Default view">d1524917c0a8016501437a6d1510302f</sys_ui_section><sys_updated_by>admin</sys_updated_by><sys_updated_on>2024-12-02 19:36:26</sys_updated_on><sys_user/><type/></sys_ui_element><sys_ui_element action="INSERT_OR_UPDATE"><element>state</element><position>5</position><sys_created_by>admin</sys_created_by><sys_created_on>2024-12-02 19:36:26</sys_created_on><sys_id>79000eac215e5a107f44387bff092280</sys_id><sys_mod_count>0</sys_mod_count><sys_ui_formatter/><sys_ui_section caption="NULL" display_value="" name="sc_cat_item" sys_domain="global" view="Default view">d1524917c0a8016501437a6d1510302f</sys_ui_section><sys_updated_by>admin</sys_updated_by><sys_updated_on>2024-12-02 19:36:26</sys_updated_on><sys_user/><type/></sys_ui_element><sys_ui_element action="INSERT_OR_UPDATE"><element>checked_out</element><position>6</position><sys_created_by>admin</sys_created_by><sys_created_on>2024-12-02 19:36:26</sys_created_on><sys_id>71000eac215e5a107f44387bff092281</sys_id><sys_mod_count>0</sys_mod_count><sys_ui_formatter/><sys_ui_section caption="NULL" display_value="" name="sc_cat_item" sys_domain="global" view="Default view">d1524917c0a8016501437a6d1510302f</sys_ui_section><sys_updated_by>admin</sys_updated_by><sys_updated_on>2024-12-02 19:36:26</sys_updated_on><sys_user/><type/></sys_ui_element><sys_ui_element action="INSERT_OR_UPDATE"><element>owner</element><position>7</position><sys_created_by>admin</sys_created_by><sys_created_on>2024-12-02 19:36:26</sys_created_on><sys_id>79000eac215e5a107f44387bff092281</sys_id><sys_mod_count>0</sys_mod_count><sys_ui_formatter/><sys_ui_section caption="NULL" display_value="" name="sc_cat_item" sys_domain="global" view="Default view">d1524917c0a8016501437a6d1510302f</sys_ui_section><sys_updated_by>admin</sys_updated_by><sys_updated_on>2024-12-02 19:36:26</sys_updated_on><sys_user/><type/></sys_ui_element><sys_ui_element action="INSERT_OR_UPDATE"><element>.split</element><position>8</position><sys_created_by>admin</sys_created_by><sys_created_on>2024-12-02 19:36:26</sys_created_on><sys_id>71000eac215e5a107f44387bff092282</sys_id><sys_mod_count>0</sys_mod_count><sys_ui_formatter/><sys_ui_section caption="NULL" display_value="" name="sc_cat_item" sys_domain="global" view="Default view">d1524917c0a8016501437a6d1510302f</sys_ui_section><sys_updated_by>admin</sys_updated_by><sys_updated_on>2024-12-02 19:36:26</sys_updated_on><sys_user/><type>.split</type></sys_ui_element><sys_ui_element action="INSERT_OR_UPDATE"><element>sys_scope</element><position>9</position><sys_created_by>admin</sys_created_by><sys_created_on>2024-12-02 19:36:26</sys_created_on><sys_id>79000eac215e5a107f44387bff092282</sys_id><sys_mod_count>0</sys_mod_count><sys_ui_formatter/><sys_ui_section caption="NULL" display_value="" name="sc_cat_item" sys_domain="global" view="Default view">d1524917c0a8016501437a6d1510302f</sys_ui_section><sys_updated_by>admin</sys_updated_by><sys_updated_on>2024-12-02 19:36:26</sys_updated_on><sys_user/><type/></sys_ui_element><sys_ui_element action="INSERT_OR_UPDATE"><element>active</element><position>10</position><sys_created_by>admin</sys_created_by><sys_created_on>2024-12-02 19:36:26</sys_created_on><sys_id>71000eac215e5a107f44387bff092283</sys_id><sys_mod_count>0</sys_mod_count><sys_ui_formatter/><sys_ui_section caption="NULL" display_value="" name="sc_cat_item" sys_domain="global" view="Default view">d1524917c0a8016501437a6d1510302f</sys_ui_section><sys_updated_by>admin</sys_updated_by><sys_updated_on>2024-12-02 19:36:26</sys_updated_on><sys_user/><type/></sys_ui_element><sys_ui_element action="INSERT_OR_UPDATE"><element>sys_updated_on</element><position>11</position><sys_created_by>admin</sys_created_by><sys_created_on>2024-12-02 19:36:26</sys_created_on><sys_id>79000eac215e5a107f44387bff092283</sys_id><sys_mod_count>0</sys_mod_count><sys_ui_formatter/><sys_ui_section caption="NULL" display_value="" name="sc_cat_item" sys_domain="global" view="Default view">d1524917c0a8016501437a6d1510302f</sys_ui_section><sys_updated_by>admin</sys_updated_by><sys_updated_on>2024-12-02 19:36:26</sys_updated_on><sys_user/><type/></sys_ui_element><sys_ui_element action="INSERT_OR_UPDATE"><element>sys_updated_by</element><position>12</position><sys_created_by>admin</sys_created_by><sys_created_on>2024-12-02 19:36:26</sys_created_on><sys_id>71000eac215e5a107f44387bff092284</sys_id><sys_mod_count>0</sys_mod_count><sys_ui_formatter/><sys_ui_section caption="NULL" display_value="" name="sc_cat_item" sys_domain="global" view="Default view">d1524917c0a8016501437a6d1510302f</sys_ui_section><sys_updated_by>admin</sys_updated_by><sys_updated_on>2024-12-02 19:36:26</sys_updated_on><sys_user/><type/></sys_ui_element><sys_ui_element action="INSERT_OR_UPDATE"><element>roles</element><position>13</position><sys_created_by>admin</sys_created_by><sys_created_on>2024-12-02 19:36:26</sys_created_on><sys_id>79000eac215e5a107f44387bff092284</sys_id><sys_mod_count>0</sys_mod_count><sys_ui_formatter/><sys_ui_section caption="NULL" display_value="" name="sc_cat_item" sys_domain="global" view="Default view">d1524917c0a8016501437a6d1510302f</sys_ui_section><sys_updated_by>admin</sys_updated_by><sys_updated_on>2024-12-02 19:36:26</sys_updated_on><sys_user/><type/></sys_ui_element><sys_ui_element action="INSERT_OR_UPDATE"><element>fulfillment_automation_level</element><position>14</position><sys_created_by>admin</sys_created_by><sys_created_on>2024-12-02 19:36:26</sys_created_on><sys_id>71000eac215e5a107f44387bff092285</sys_id><sys_mod_count>0</sys_mod_count><sys_ui_formatter/><sys_ui_section caption="NULL" display_value="" name="sc_cat_item" sys_domain="global" view="Default view">d1524917c0a8016501437a6d1510302f</sys_ui_section><sys_updated_by>admin</sys_updated_by><sys_updated_on>2024-12-02 19:36:26</sys_updated_on><sys_user/><type/></sys_ui_element><sys_ui_section action="INSERT_OR_UPDATE"><caption/><header>false</header><name>sc_cat_item</name><roles/><sys_class_name>sys_ui_section</sys_class_name><sys_created_by>glide.maint</sys_created_by><sys_created_on>2005-05-12 14:32:40</sys_created_on><sys_domain>global</sys_domain><sys_domain_path/><sys_id>d1524917c0a8016501437a6d1510302f</sys_id><sys_mod_count>2</sys_mod_count><sys_name>sc_cat_item</sys_name><sys_overrides/><sys_package display_value="Service Catalog Platform" source="com.glideapp.servicecatalog.platform">2b13dd8d838212107f44fd2d4eda1e14</sys_package><sys_policy/><sys_scope display_value="Global">global</sys_scope><sys_update_name>sys_ui_section_d1524917c0a8016501437a6d1510302f</sys_update_name><sys_updated_by>glide.maint</sys_updated_by><sys_updated_on>2005-05-12 14:32:40</sys_updated_on><sys_user/><title>true</title><view display_value="Default view" name="NULL">Default view</view><view_name/></sys_ui_section></sys_ui_section></record_update>]]></payload>
<payload_hash>-1435175738</payload_hash>
<remote_update_set display_value="SNAF_XAN_Lab_7.2.1">3227d2a821de5a107f44387bff0922b8</remote_update_set>
<replace_on_upgrade>false</replace_on_upgrade>
<sys_created_by>admin</sys_created_by>
<sys_created_on>2024-12-02 21:17:32</sys_created_on>
<sys_id>fe27d2a821de5a107f44387bff0922b8</sys_id>
<sys_mod_count>0</sys_mod_count>
<sys_recorded_at>19388dfc5240000001</sys_recorded_at>
<sys_updated_by>admin</sys_updated_by>
<sys_updated_on>2024-12-02 21:17:32</sys_updated_on>
<table>sc_cat_item</table>
<target_name>Catalog Item</target_name>
<type>Form Layout</type>
<update_domain>global</update_domain>
<update_guid>79000eac9c5e5a10c92a8182702d6687</update_guid>
<update_guid_history>79000eac9c5e5a10c92a8182702d6687:-1435175738,b1000eac415e5a10ca8999050c316675:-842076016</update_guid_history>
<update_set display_value=""/>
<view/>
</sys_update_xml>
</unload>
