<?xml version="1.0" encoding="UTF-8"?><unload unload_date="2024-12-02 21:13:43">
<sys_remote_update_set action="INSERT_OR_UPDATE">
<application display_value="Global">global</application>
<application_name>Global</application_name>
<application_scope>global</application_scope>
<application_version/>
<collisions/>
<commit_date/>
<deleted/>
<description>Add Pilot field using Form Builder</description>
<inserted/>
<name>SNAF_XAN_Lab_3.2.1</name>
<origin_sys_id/>
<parent display_value=""/>
<release_date/>
<remote_base_update_set display_value=""/>
<remote_parent_id/>
<remote_sys_id>d7c2cda8211a5a107f44387bff09228d</remote_sys_id>
<state>loaded</state>
<summary/>
<sys_class_name>sys_remote_update_set</sys_class_name>
<sys_created_by>admin</sys_created_by>
<sys_created_on>2024-12-02 21:13:42</sys_created_on>
<sys_id>ee46da6821de5a107f44387bff0922ac</sys_id>
<sys_mod_count>0</sys_mod_count>
<sys_updated_by>admin</sys_updated_by>
<sys_updated_on>2024-12-02 21:13:42</sys_updated_on>
<update_set display_value=""/>
<update_source display_value=""/>
<updated/>
</sys_remote_update_set>
<sys_update_xml action="INSERT_OR_UPDATE">
<action>INSERT_OR_UPDATE</action>
<application display_value="Global">global</application>
<category>customer</category>
<comments/>
<name>sys_ui_section_bf1d96e3c0a801640190725e63f8ac80</name>
<payload><![CDATA[<?xml version="1.0" encoding="UTF-8"?><record_update><sys_ui_section caption="" section_id="bf1d96e3c0a801640190725e63f8ac80" sys_domain="global" table="incident" version="3" view=""><sys_ui_element action="INSERT_OR_UPDATE"><element>number</element><position>0</position><sys_created_by>admin</sys_created_by><sys_created_on>2024-12-02 15:32:03</sys_created_on><sys_id>861885a0215a5a107f44387bff09221f</sys_id><sys_mod_count>0</sys_mod_count><sys_ui_formatter/><sys_ui_section caption="NULL" display_value="" name="incident" sys_domain="global" view="Default view">bf1d96e3c0a801640190725e63f8ac80</sys_ui_section><sys_updated_by>admin</sys_updated_by><sys_updated_on>2024-12-02 15:32:03</sys_updated_on><sys_user/><type/></sys_ui_element><sys_ui_element action="INSERT_OR_UPDATE"><element>caller_id</element><position>1</position><sys_created_by>admin</sys_created_by><sys_created_on>2024-12-02 15:32:03</sys_created_on><sys_id>c21885a0215a5a107f44387bff092220</sys_id><sys_mod_count>0</sys_mod_count><sys_ui_formatter/><sys_ui_section caption="NULL" display_value="" name="incident" sys_domain="global" view="Default view">bf1d96e3c0a801640190725e63f8ac80</sys_ui_section><sys_updated_by>admin</sys_updated_by><sys_updated_on>2024-12-02 15:32:03</sys_updated_on><sys_user/><type/></sys_ui_element><sys_ui_element action="INSERT_OR_UPDATE"><element>category</element><position>2</position><sys_created_by>admin</sys_created_by><sys_created_on>2024-12-02 15:32:03</sys_created_on><sys_id>ca1885a0215a5a107f44387bff092220</sys_id><sys_mod_count>0</sys_mod_count><sys_ui_formatter/><sys_ui_section caption="NULL" display_value="" name="incident" sys_domain="global" view="Default view">bf1d96e3c0a801640190725e63f8ac80</sys_ui_section><sys_updated_by>admin</sys_updated_by><sys_updated_on>2024-12-02 15:32:03</sys_updated_on><sys_user/><type/></sys_ui_element><sys_ui_element action="INSERT_OR_UPDATE"><element>subcategory</element><position>3</position><sys_created_by>admin</sys_created_by><sys_created_on>2024-12-02 15:32:03</sys_created_on><sys_id>c21885a0215a5a107f44387bff092221</sys_id><sys_mod_count>0</sys_mod_count><sys_ui_formatter/><sys_ui_section caption="NULL" display_value="" name="incident" sys_domain="global" view="Default view">bf1d96e3c0a801640190725e63f8ac80</sys_ui_section><sys_updated_by>admin</sys_updated_by><sys_updated_on>2024-12-02 15:32:03</sys_updated_on><sys_user/><type/></sys_ui_element><sys_ui_element action="INSERT_OR_UPDATE"><element>business_service</element><position>4</position><sys_created_by>admin</sys_created_by><sys_created_on>2024-12-02 15:32:03</sys_created_on><sys_id>ca1885a0215a5a107f44387bff092221</sys_id><sys_mod_count>0</sys_mod_count><sys_ui_formatter/><sys_ui_section caption="NULL" display_value="" name="incident" sys_domain="global" view="Default view">bf1d96e3c0a801640190725e63f8ac80</sys_ui_section><sys_updated_by>admin</sys_updated_by><sys_updated_on>2024-12-02 15:32:03</sys_updated_on><sys_user/><type/></sys_ui_element><sys_ui_element action="INSERT_OR_UPDATE"><element>service_offering</element><position>5</position><sys_created_by>admin</sys_created_by><sys_created_on>2024-12-02 15:32:03</sys_created_on><sys_id>c21885a0215a5a107f44387bff092222</sys_id><sys_mod_count>0</sys_mod_count><sys_ui_formatter/><sys_ui_section caption="NULL" display_value="" name="incident" sys_domain="global" view="Default view">bf1d96e3c0a801640190725e63f8ac80</sys_ui_section><sys_updated_by>admin</sys_updated_by><sys_updated_on>2024-12-02 15:32:03</sys_updated_on><sys_user/><type/></sys_ui_element><sys_ui_element action="INSERT_OR_UPDATE"><element>cmdb_ci</element><position>6</position><sys_created_by>admin</sys_created_by><sys_created_on>2024-12-02 15:32:03</sys_created_on><sys_id>ca1885a0215a5a107f44387bff092222</sys_id><sys_mod_count>0</sys_mod_count><sys_ui_formatter/><sys_ui_section caption="NULL" display_value="" name="incident" sys_domain="global" view="Default view">bf1d96e3c0a801640190725e63f8ac80</sys_ui_section><sys_updated_by>admin</sys_updated_by><sys_updated_on>2024-12-02 15:32:03</sys_updated_on><sys_user/><type/></sys_ui_element><sys_ui_element action="INSERT_OR_UPDATE"><element>u_pilo0</element><position>7</position><sys_created_by>admin</sys_created_by><sys_created_on>2024-12-02 15:32:03</sys_created_on><sys_id>c21885a0215a5a107f44387bff092223</sys_id><sys_mod_count>0</sys_mod_count><sys_ui_formatter/><sys_ui_section caption="NULL" display_value="" name="incident" sys_domain="global" view="Default view">bf1d96e3c0a801640190725e63f8ac80</sys_ui_section><sys_updated_by>admin</sys_updated_by><sys_updated_on>2024-12-02 15:32:03</sys_updated_on><sys_user/><type/></sys_ui_element><sys_ui_element action="INSERT_OR_UPDATE"><element>universal_request</element><position>8</position><sys_created_by>admin</sys_created_by><sys_created_on>2024-12-02 15:32:03</sys_created_on><sys_id>ca1885a0215a5a107f44387bff092223</sys_id><sys_mod_count>0</sys_mod_count><sys_ui_formatter/><sys_ui_section caption="NULL" display_value="" name="incident" sys_domain="global" view="Default view">bf1d96e3c0a801640190725e63f8ac80</sys_ui_section><sys_updated_by>admin</sys_updated_by><sys_updated_on>2024-12-02 15:32:03</sys_updated_on><sys_user/><type/></sys_ui_element><sys_ui_element action="INSERT_OR_UPDATE"><element>route_reason</element><position>9</position><sys_created_by>admin</sys_created_by><sys_created_on>2024-12-02 15:32:03</sys_created_on><sys_id>c21885a0215a5a107f44387bff092224</sys_id><sys_mod_count>0</sys_mod_count><sys_ui_formatter/><sys_ui_section caption="NULL" display_value="" name="incident" sys_domain="global" view="Default view">bf1d96e3c0a801640190725e63f8ac80</sys_ui_section><sys_updated_by>admin</sys_updated_by><sys_updated_on>2024-12-02 15:32:03</sys_updated_on><sys_user/><type/></sys_ui_element><sys_ui_element action="INSERT_OR_UPDATE"><element>.split</element><position>10</position><sys_created_by>admin</sys_created_by><sys_created_on>2024-12-02 15:32:03</sys_created_on><sys_id>ca1885a0215a5a107f44387bff092224</sys_id><sys_mod_count>0</sys_mod_count><sys_ui_formatter/><sys_ui_section caption="NULL" display_value="" name="incident" sys_domain="global" view="Default view">bf1d96e3c0a801640190725e63f8ac80</sys_ui_section><sys_updated_by>admin</sys_updated_by><sys_updated_on>2024-12-02 15:32:03</sys_updated_on><sys_user/><type>.split</type></sys_ui_element><sys_ui_element action="INSERT_OR_UPDATE"><element>contact_type</element><position>11</position><sys_created_by>admin</sys_created_by><sys_created_on>2024-12-02 15:32:03</sys_created_on><sys_id>c21885a0215a5a107f44387bff092225</sys_id><sys_mod_count>0</sys_mod_count><sys_ui_formatter/><sys_ui_section caption="NULL" display_value="" name="incident" sys_domain="global" view="Default view">bf1d96e3c0a801640190725e63f8ac80</sys_ui_section><sys_updated_by>admin</sys_updated_by><sys_updated_on>2024-12-02 15:32:03</sys_updated_on><sys_user/><type/></sys_ui_element><sys_ui_element action="INSERT_OR_UPDATE"><element>state</element><position>12</position><sys_created_by>admin</sys_created_by><sys_created_on>2024-12-02 15:32:03</sys_created_on><sys_id>ca1885a0215a5a107f44387bff092225</sys_id><sys_mod_count>0</sys_mod_count><sys_ui_formatter/><sys_ui_section caption="NULL" display_value="" name="incident" sys_domain="global" view="Default view">bf1d96e3c0a801640190725e63f8ac80</sys_ui_section><sys_updated_by>admin</sys_updated_by><sys_updated_on>2024-12-02 15:32:03</sys_updated_on><sys_user/><type/></sys_ui_element><sys_ui_element action="INSERT_OR_UPDATE"><element>hold_reason</element><position>13</position><sys_created_by>admin</sys_created_by><sys_created_on>2024-12-02 15:32:03</sys_created_on><sys_id>c21885a0215a5a107f44387bff092226</sys_id><sys_mod_count>0</sys_mod_count><sys_ui_formatter/><sys_ui_section caption="NULL" display_value="" name="incident" sys_domain="global" view="Default view">bf1d96e3c0a801640190725e63f8ac80</sys_ui_section><sys_updated_by>admin</sys_updated_by><sys_updated_on>2024-12-02 15:32:03</sys_updated_on><sys_user/><type/></sys_ui_element><sys_ui_element action="INSERT_OR_UPDATE"><element>impact</element><position>14</position><sys_created_by>admin</sys_created_by><sys_created_on>2024-12-02 15:32:03</sys_created_on><sys_id>ca1885a0215a5a107f44387bff092226</sys_id><sys_mod_count>0</sys_mod_count><sys_ui_formatter/><sys_ui_section caption="NULL" display_value="" name="incident" sys_domain="global" view="Default view">bf1d96e3c0a801640190725e63f8ac80</sys_ui_section><sys_updated_by>admin</sys_updated_by><sys_updated_on>2024-12-02 15:32:03</sys_updated_on><sys_user/><type/></sys_ui_element><sys_ui_element action="INSERT_OR_UPDATE"><element>urgency</element><position>15</position><sys_created_by>admin</sys_created_by><sys_created_on>2024-12-02 15:32:03</sys_created_on><sys_id>c21885a0215a5a107f44387bff092227</sys_id><sys_mod_count>0</sys_mod_count><sys_ui_formatter/><sys_ui_section caption="NULL" display_value="" name="incident" sys_domain="global" view="Default view">bf1d96e3c0a801640190725e63f8ac80</sys_ui_section><sys_updated_by>admin</sys_updated_by><sys_updated_on>2024-12-02 15:32:03</sys_updated_on><sys_user/><type/></sys_ui_element><sys_ui_element action="INSERT_OR_UPDATE"><element>priority</element><position>16</position><sys_created_by>admin</sys_created_by><sys_created_on>2024-12-02 15:32:03</sys_created_on><sys_id>ca1885a0215a5a107f44387bff092227</sys_id><sys_mod_count>0</sys_mod_count><sys_ui_formatter/><sys_ui_section caption="NULL" display_value="" name="incident" sys_domain="global" view="Default view">bf1d96e3c0a801640190725e63f8ac80</sys_ui_section><sys_updated_by>admin</sys_updated_by><sys_updated_on>2024-12-02 15:32:03</sys_updated_on><sys_user/><type/></sys_ui_element><sys_ui_element action="INSERT_OR_UPDATE"><element>assignment_group</element><position>17</position><sys_created_by>admin</sys_created_by><sys_created_on>2024-12-02 15:32:03</sys_created_on><sys_id>c21885a0215a5a107f44387bff092228</sys_id><sys_mod_count>0</sys_mod_count><sys_ui_formatter/><sys_ui_section caption="NULL" display_value="" name="incident" sys_domain="global" view="Default view">bf1d96e3c0a801640190725e63f8ac80</sys_ui_section><sys_updated_by>admin</sys_updated_by><sys_updated_on>2024-12-02 15:32:03</sys_updated_on><sys_user/><type/></sys_ui_element><sys_ui_element action="INSERT_OR_UPDATE"><element>assigned_to</element><position>18</position><sys_created_by>admin</sys_created_by><sys_created_on>2024-12-02 15:32:03</sys_created_on><sys_id>821885a0215a5a107f44387bff092235</sys_id><sys_mod_count>0</sys_mod_count><sys_ui_formatter/><sys_ui_section caption="NULL" display_value="" name="incident" sys_domain="global" view="Default view">bf1d96e3c0a801640190725e63f8ac80</sys_ui_section><sys_updated_by>admin</sys_updated_by><sys_updated_on>2024-12-02 15:32:03</sys_updated_on><sys_user/><type/></sys_ui_element><sys_ui_element action="INSERT_OR_UPDATE"><element>.end_split</element><position>19</position><sys_created_by>admin</sys_created_by><sys_created_on>2024-12-02 15:32:03</sys_created_on><sys_id>8a1885a0215a5a107f44387bff092235</sys_id><sys_mod_count>0</sys_mod_count><sys_ui_formatter/><sys_ui_section caption="NULL" display_value="" name="incident" sys_domain="global" view="Default view">bf1d96e3c0a801640190725e63f8ac80</sys_ui_section><sys_updated_by>admin</sys_updated_by><sys_updated_on>2024-12-02 15:32:03</sys_updated_on><sys_user/><type>.end_split</type></sys_ui_element><sys_ui_element action="INSERT_OR_UPDATE"><element>short_description</element><position>20</position><sys_created_by>admin</sys_created_by><sys_created_on>2024-12-02 15:32:03</sys_created_on><sys_id>821885a0215a5a107f44387bff092236</sys_id><sys_mod_count>0</sys_mod_count><sys_ui_formatter/><sys_ui_section caption="NULL" display_value="" name="incident" sys_domain="global" view="Default view">bf1d96e3c0a801640190725e63f8ac80</sys_ui_section><sys_updated_by>admin</sys_updated_by><sys_updated_on>2024-12-02 15:32:03</sys_updated_on><sys_user/><type/></sys_ui_element><sys_ui_element action="INSERT_OR_UPDATE"><element>description</element><position>21</position><sys_created_by>admin</sys_created_by><sys_created_on>2024-12-02 15:32:03</sys_created_on><sys_id>8a1885a0215a5a107f44387bff092236</sys_id><sys_mod_count>0</sys_mod_count><sys_ui_formatter/><sys_ui_section caption="NULL" display_value="" name="incident" sys_domain="global" view="Default view">bf1d96e3c0a801640190725e63f8ac80</sys_ui_section><sys_updated_by>admin</sys_updated_by><sys_updated_on>2024-12-02 15:32:03</sys_updated_on><sys_user/><type/></sys_ui_element><sys_ui_element action="INSERT_OR_UPDATE"><element>cxs_table_search.xml</element><position>22</position><sys_created_by>admin</sys_created_by><sys_created_on>2024-12-02 15:32:03</sys_created_on><sys_id>821885a0215a5a107f44387bff092237</sys_id><sys_mod_count>0</sys_mod_count><sys_ui_formatter display_value="Contextual Search Results">11eb1622eb1121003623666cd206fe56</sys_ui_formatter><sys_ui_section caption="NULL" display_value="" name="incident" sys_domain="global" view="Default view">bf1d96e3c0a801640190725e63f8ac80</sys_ui_section><sys_updated_by>admin</sys_updated_by><sys_updated_on>2024-12-02 15:32:03</sys_updated_on><sys_user/><type>formatter</type></sys_ui_element><sys_ui_element action="INSERT_OR_UPDATE"><element>u_pilot</element><position>23</position><sys_created_by>admin</sys_created_by><sys_created_on>2024-12-02 15:32:03</sys_created_on><sys_id>ca1885a0215a5a107f44387bff092237</sys_id><sys_mod_count>0</sys_mod_count><sys_ui_formatter/><sys_ui_section caption="NULL" display_value="" name="incident" sys_domain="global" view="Default view">bf1d96e3c0a801640190725e63f8ac80</sys_ui_section><sys_updated_by>admin</sys_updated_by><sys_updated_on>2024-12-02 15:32:03</sys_updated_on><sys_user/><type/></sys_ui_element><sys_ui_section action="INSERT_OR_UPDATE"><caption/><header>false</header><name>incident</name><roles/><sys_class_name>sys_ui_section</sys_class_name><sys_created_by>fred.luddy</sys_created_by><sys_created_on>2004-07-14 19:25:13</sys_created_on><sys_domain>global</sys_domain><sys_domain_path/><sys_id>bf1d96e3c0a801640190725e63f8ac80</sys_id><sys_mod_count>0</sys_mod_count><sys_name>incident</sys_name><sys_overrides/><sys_package display_value="Incident Updates" source="com.snc.incident.updates">241a9149830612107f44fd2d4eda1eed</sys_package><sys_policy/><sys_scope display_value="Global">global</sys_scope><sys_update_name>sys_ui_section_bf1d96e3c0a801640190725e63f8ac80</sys_update_name><sys_updated_by>system_bootstrap</sys_updated_by><sys_updated_on>2004-12-13 18:05:34</sys_updated_on><sys_user/><title>true</title><view display_value="Default view" name="NULL">Default view</view><view_name/></sys_ui_section></sys_ui_section></record_update>]]></payload>
<payload_hash>-2048846179</payload_hash>
<remote_update_set display_value="SNAF_XAN_Lab_3.2.1">ee46da6821de5a107f44387bff0922ac</remote_update_set>
<replace_on_upgrade>false</replace_on_upgrade>
<sys_created_by>admin</sys_created_by>
<sys_created_on>2024-12-02 21:13:42</sys_created_on>
<sys_id>2a46da6821de5a107f44387bff0922ad</sys_id>
<sys_mod_count>0</sys_mod_count>
<sys_recorded_at>193880007800000001</sys_recorded_at>
<sys_updated_by>admin</sys_updated_by>
<sys_updated_on>2024-12-02 21:13:42</sys_updated_on>
<table>incident</table>
<target_name>Incident</target_name>
<type>Form Layout</type>
<update_domain>global</update_domain>
<update_guid>0e1885a0f05a5a1097d79ec05a25693a</update_guid>
<update_guid_history>0e1885a0f05a5a1097d79ec05a25693a:-2048846179,e461c168ef1a5a1092ba17d4e3304ba0:-1156929319</update_guid_history>
<update_set display_value=""/>
<view/>
</sys_update_xml>
<sys_update_xml action="INSERT_OR_UPDATE">
<action>INSERT_OR_UPDATE</action>
<application display_value="Global">global</application>
<category>customer</category>
<comments/>
<name>sys_documentation_incident_u_pilo0_en</name>
<payload><![CDATA[<?xml version="1.0" encoding="UTF-8"?><record_update><sys_documentation element="u_pilo0" label="Pilot" language="en" table="incident"><sys_documentation action="INSERT_OR_UPDATE"><element>u_pilo0</element><help/><hint/><label>Pilot</label><language>en</language><name>incident</name><plural/><sys_class_name>sys_documentation</sys_class_name><sys_created_by>admin</sys_created_by><sys_created_on>2024-12-02 15:32:02</sys_created_on><sys_id>791845a0215a5a107f44387bff0922dc</sys_id><sys_mod_count>3</sys_mod_count><sys_name>Pilot</sys_name><sys_package display_value="Global" source="global">global</sys_package><sys_policy/><sys_scope display_value="Global">global</sys_scope><sys_update_name>sys_documentation_incident_u_pilo0_en</sys_update_name><sys_updated_by>admin</sys_updated_by><sys_updated_on>2024-12-02 15:32:03</sys_updated_on><url/><url_target/></sys_documentation></sys_documentation></record_update>]]></payload>
<payload_hash>-177799640</payload_hash>
<remote_update_set display_value="SNAF_XAN_Lab_3.2.1">ee46da6821de5a107f44387bff0922ac</remote_update_set>
<replace_on_upgrade>false</replace_on_upgrade>
<sys_created_by>admin</sys_created_by>
<sys_created_on>2024-12-02 21:13:42</sys_created_on>
<sys_id>6646da6821de5a107f44387bff0922ad</sys_id>
<sys_mod_count>0</sys_mod_count>
<sys_recorded_at>193880005f10000001</sys_recorded_at>
<sys_updated_by>admin</sys_updated_by>
<sys_updated_on>2024-12-02 21:13:42</sys_updated_on>
<table>incident</table>
<target_name>Incident.Pilot</target_name>
<type>Field Label</type>
<update_domain>global</update_domain>
<update_guid>bd1885a0165a5a10038fe19b29c86d01</update_guid>
<update_guid_history>bd1885a0165a5a10038fe19b29c86d01:-177799640,b11845a0b05a5a108a27ecd747cc50f8:-177799640,f11845a06f5a5a10a9de9fd5408c6ef1:2063384999</update_guid_history>
<update_set display_value=""/>
<view/>
</sys_update_xml>
<sys_update_xml action="INSERT_OR_UPDATE">
<action>INSERT_OR_UPDATE</action>
<application display_value="Global">global</application>
<category>customer</category>
<comments/>
<name>sys_dictionary_incident_u_pilo0</name>
<payload><![CDATA[<?xml version="1.0" encoding="UTF-8"?><record_update><sys_dictionary action="INSERT_OR_UPDATE" element="u_pilo0" table="incident"><active>true</active><array>false</array><attributes/><audit>false</audit><calculation/><choice>0</choice><choice_field/><choice_table/><column_label>Pilot</column_label><comments/><create_roles/><default_value/><defaultsort/><delete_roles/><dependent/><dependent_on_field/><display>false</display><dynamic_creation>false</dynamic_creation><dynamic_creation_script/><dynamic_default_value/><dynamic_ref_qual/><element>u_pilo0</element><element_reference>false</element_reference><foreign_database/><formula/><function_definition/><function_field>false</function_field><internal_type display_value="">boolean</internal_type><mandatory>false</mandatory><max_length>255</max_length><name>incident</name><next_element/><primary>false</primary><read_only>false</read_only><read_roles/><reference/><reference_cascade_rule/><reference_floats>false</reference_floats><reference_key/><reference_qual/><reference_qual_condition/><reference_type/><spell_check>false</spell_check><staged>false</staged><sys_class_name>sys_dictionary</sys_class_name><sys_created_by>admin</sys_created_by><sys_created_on>2024-12-02 15:32:02</sys_created_on><sys_id>711805a0215a5a107f44387bff0922f1</sys_id><sys_name>Pilot</sys_name><sys_package display_value="Global" source="global">global</sys_package><sys_policy/><sys_scope display_value="Global">global</sys_scope><sys_update_name>sys_dictionary_incident_u_pilo0</sys_update_name><sys_updated_by>admin</sys_updated_by><sys_updated_on>2024-12-02 15:32:02</sys_updated_on><table_reference>false</table_reference><text_index>false</text_index><unique>false</unique><use_dependent_field>false</use_dependent_field><use_dynamic_default>false</use_dynamic_default><use_reference_qualifier>simple</use_reference_qualifier><virtual>false</virtual><virtual_type>script</virtual_type><widget/><write_roles/><xml_view>false</xml_view></sys_dictionary></record_update>]]></payload>
<payload_hash>1602517111</payload_hash>
<remote_update_set display_value="SNAF_XAN_Lab_3.2.1">ee46da6821de5a107f44387bff0922ac</remote_update_set>
<replace_on_upgrade>false</replace_on_upgrade>
<sys_created_by>admin</sys_created_by>
<sys_created_on>2024-12-02 21:13:42</sys_created_on>
<sys_id>a246da6821de5a107f44387bff0922ad</sys_id>
<sys_mod_count>0</sys_mod_count>
<sys_recorded_at>193880004cb0000001</sys_recorded_at>
<sys_updated_by>admin</sys_updated_by>
<sys_updated_on>2024-12-02 21:13:42</sys_updated_on>
<table>incident</table>
<target_name>Incident.Pilot</target_name>
<type>Dictionary</type>
<update_domain>global</update_domain>
<update_guid>b51845a0515a5a10c92ab6e0b5027bec</update_guid>
<update_guid_history>b51845a0515a5a10c92ab6e0b5027bec:1602517111</update_guid_history>
<update_set display_value=""/>
<view/>
</sys_update_xml>
</unload>
