<?xml version="1.0" encoding="UTF-8"?><unload unload_date="2024-12-02 21:13:26">
<sys_remote_update_set action="INSERT_OR_UPDATE">
<application display_value="Global">global</application>
<application_name>Global</application_name>
<application_scope>global</application_scope>
<application_version/>
<collisions/>
<commit_date/>
<deleted/>
<description>HHD List View, App Menu, Incidents &amp; Inquiries Module</description>
<inserted/>
<name>SNAF_XAN_Lab_3.1.1</name>
<origin_sys_id/>
<parent display_value=""/>
<release_date/>
<remote_base_update_set display_value=""/>
<remote_parent_id/>
<remote_sys_id>f7afb0a4211a5a107f44387bff0922fe</remote_sys_id>
<state>loaded</state>
<summary/>
<sys_class_name>sys_remote_update_set</sys_class_name>
<sys_created_by>admin</sys_created_by>
<sys_created_on>2024-12-02 21:13:26</sys_created_on>
<sys_id>ae369a6821de5a107f44387bff0922d6</sys_id>
<sys_mod_count>0</sys_mod_count>
<sys_updated_by>admin</sys_updated_by>
<sys_updated_on>2024-12-02 21:13:26</sys_updated_on>
<update_set display_value=""/>
<update_source display_value=""/>
<updated/>
</sys_remote_update_set>
<sys_update_xml action="INSERT_OR_UPDATE">
<action>INSERT_OR_UPDATE</action>
<application display_value="Global">global</application>
<category>customer</category>
<comments/>
<name>sys_ui_section_bf1d96e3c0a801640190725e63f8ac80</name>
<payload><![CDATA[<?xml version="1.0" encoding="UTF-8"?><record_update><sys_ui_section caption="" section_id="bf1d96e3c0a801640190725e63f8ac80" sys_domain="global" table="incident" version="3" view=""><sys_ui_element action="INSERT_OR_UPDATE"><element>number</element><position>0</position><sys_created_by>admin</sys_created_by><sys_created_on>2020-04-16 11:37:57</sys_created_on><sys_id>2d1af70c871410107e31af1e36cb0b6c</sys_id><sys_mod_count>0</sys_mod_count><sys_ui_formatter/><sys_ui_section caption="NULL" display_value="" name="incident" sys_domain="global" view="Default view">bf1d96e3c0a801640190725e63f8ac80</sys_ui_section><sys_updated_by>admin</sys_updated_by><sys_updated_on>2020-04-16 11:37:57</sys_updated_on><sys_user/><type/></sys_ui_element><sys_ui_element action="INSERT_OR_UPDATE"><element>caller_id</element><position>1</position><sys_created_by>admin</sys_created_by><sys_created_on>2020-04-16 11:37:57</sys_created_on><sys_id>ad1af70c871410107e31af1e36cb0b6c</sys_id><sys_mod_count>0</sys_mod_count><sys_ui_formatter/><sys_ui_section caption="NULL" display_value="" name="incident" sys_domain="global" view="Default view">bf1d96e3c0a801640190725e63f8ac80</sys_ui_section><sys_updated_by>admin</sys_updated_by><sys_updated_on>2020-04-16 11:37:57</sys_updated_on><sys_user/><type/></sys_ui_element><sys_ui_element action="INSERT_OR_UPDATE"><element>category</element><position>2</position><sys_created_by>admin</sys_created_by><sys_created_on>2020-04-16 11:37:57</sys_created_on><sys_id>211af70c871410107e31af1e36cb0b6d</sys_id><sys_mod_count>0</sys_mod_count><sys_ui_formatter/><sys_ui_section caption="NULL" display_value="" name="incident" sys_domain="global" view="Default view">bf1d96e3c0a801640190725e63f8ac80</sys_ui_section><sys_updated_by>admin</sys_updated_by><sys_updated_on>2020-04-16 11:37:57</sys_updated_on><sys_user/><type/></sys_ui_element><sys_ui_element action="INSERT_OR_UPDATE"><element>subcategory</element><position>3</position><sys_created_by>admin</sys_created_by><sys_created_on>2020-04-16 11:37:57</sys_created_on><sys_id>a11af70c871410107e31af1e36cb0b6d</sys_id><sys_mod_count>0</sys_mod_count><sys_ui_formatter/><sys_ui_section caption="NULL" display_value="" name="incident" sys_domain="global" view="Default view">bf1d96e3c0a801640190725e63f8ac80</sys_ui_section><sys_updated_by>admin</sys_updated_by><sys_updated_on>2020-04-16 11:37:57</sys_updated_on><sys_user/><type/></sys_ui_element><sys_ui_element action="INSERT_OR_UPDATE"><element>business_service</element><position>4</position><sys_created_by>admin</sys_created_by><sys_created_on>2020-04-16 11:37:57</sys_created_on><sys_id>251af70c871410107e31af1e36cb0b6d</sys_id><sys_mod_count>0</sys_mod_count><sys_ui_formatter/><sys_ui_section caption="NULL" display_value="" name="incident" sys_domain="global" view="Default view">bf1d96e3c0a801640190725e63f8ac80</sys_ui_section><sys_updated_by>admin</sys_updated_by><sys_updated_on>2020-04-16 11:37:57</sys_updated_on><sys_user/><type/></sys_ui_element><sys_ui_element action="INSERT_OR_UPDATE"><element>service_offering</element><position>5</position><sys_created_by>admin</sys_created_by><sys_created_on>2020-04-16 11:37:57</sys_created_on><sys_id>a51af70c871410107e31af1e36cb0b6d</sys_id><sys_mod_count>0</sys_mod_count><sys_ui_formatter/><sys_ui_section caption="NULL" display_value="" name="incident" sys_domain="global" view="Default view">bf1d96e3c0a801640190725e63f8ac80</sys_ui_section><sys_updated_by>admin</sys_updated_by><sys_updated_on>2020-04-16 11:37:57</sys_updated_on><sys_user/><type/></sys_ui_element><sys_ui_element action="INSERT_OR_UPDATE"><element>cmdb_ci</element><position>6</position><sys_created_by>admin</sys_created_by><sys_created_on>2020-04-16 11:37:57</sys_created_on><sys_id>291af70c871410107e31af1e36cb0b6d</sys_id><sys_mod_count>0</sys_mod_count><sys_ui_formatter/><sys_ui_section caption="NULL" display_value="" name="incident" sys_domain="global" view="Default view">bf1d96e3c0a801640190725e63f8ac80</sys_ui_section><sys_updated_by>admin</sys_updated_by><sys_updated_on>2020-04-16 11:37:57</sys_updated_on><sys_user/><type/></sys_ui_element><sys_ui_element action="INSERT_OR_UPDATE"><element>universal_request</element><position>7</position><sys_created_by>admin</sys_created_by><sys_created_on>2020-04-16 11:37:57</sys_created_on><sys_id>a91af70c871410107e31af1e36cb0b6d</sys_id><sys_mod_count>0</sys_mod_count><sys_ui_formatter/><sys_ui_section caption="NULL" display_value="" name="incident" sys_domain="global" view="Default view">bf1d96e3c0a801640190725e63f8ac80</sys_ui_section><sys_updated_by>admin</sys_updated_by><sys_updated_on>2020-04-16 11:37:57</sys_updated_on><sys_user/><type/></sys_ui_element><sys_ui_element action="INSERT_OR_UPDATE"><element>route_reason</element><position>8</position><sys_created_by>admin</sys_created_by><sys_created_on>2020-04-16 11:37:57</sys_created_on><sys_id>2d1af70c871410107e31af1e36cb0b6d</sys_id><sys_mod_count>0</sys_mod_count><sys_ui_formatter/><sys_ui_section caption="NULL" display_value="" name="incident" sys_domain="global" view="Default view">bf1d96e3c0a801640190725e63f8ac80</sys_ui_section><sys_updated_by>admin</sys_updated_by><sys_updated_on>2020-04-16 11:37:57</sys_updated_on><sys_user/><type/></sys_ui_element><sys_ui_element action="INSERT_OR_UPDATE"><element>.split</element><position>9</position><sys_created_by>admin</sys_created_by><sys_created_on>2020-04-16 11:37:57</sys_created_on><sys_id>ad1af70c871410107e31af1e36cb0b6d</sys_id><sys_mod_count>0</sys_mod_count><sys_ui_formatter/><sys_ui_section caption="NULL" display_value="" name="incident" sys_domain="global" view="Default view">bf1d96e3c0a801640190725e63f8ac80</sys_ui_section><sys_updated_by>admin</sys_updated_by><sys_updated_on>2020-04-16 11:37:57</sys_updated_on><sys_user/><type>.split</type></sys_ui_element><sys_ui_element action="INSERT_OR_UPDATE"><element>contact_type</element><position>10</position><sys_created_by>admin</sys_created_by><sys_created_on>2020-04-16 11:37:57</sys_created_on><sys_id>211af70c871410107e31af1e36cb0b6e</sys_id><sys_mod_count>0</sys_mod_count><sys_ui_formatter/><sys_ui_section caption="NULL" display_value="" name="incident" sys_domain="global" view="Default view">bf1d96e3c0a801640190725e63f8ac80</sys_ui_section><sys_updated_by>admin</sys_updated_by><sys_updated_on>2020-04-16 11:37:57</sys_updated_on><sys_user/><type/></sys_ui_element><sys_ui_element action="INSERT_OR_UPDATE"><element>state</element><position>11</position><sys_created_by>admin</sys_created_by><sys_created_on>2020-04-16 11:37:57</sys_created_on><sys_id>a11af70c871410107e31af1e36cb0b6e</sys_id><sys_mod_count>0</sys_mod_count><sys_ui_formatter/><sys_ui_section caption="NULL" display_value="" name="incident" sys_domain="global" view="Default view">bf1d96e3c0a801640190725e63f8ac80</sys_ui_section><sys_updated_by>admin</sys_updated_by><sys_updated_on>2020-04-16 11:37:57</sys_updated_on><sys_user/><type/></sys_ui_element><sys_ui_element action="INSERT_OR_UPDATE"><element>hold_reason</element><position>12</position><sys_created_by>admin</sys_created_by><sys_created_on>2020-04-16 11:37:57</sys_created_on><sys_id>251af70c871410107e31af1e36cb0b6e</sys_id><sys_mod_count>0</sys_mod_count><sys_ui_formatter/><sys_ui_section caption="NULL" display_value="" name="incident" sys_domain="global" view="Default view">bf1d96e3c0a801640190725e63f8ac80</sys_ui_section><sys_updated_by>admin</sys_updated_by><sys_updated_on>2020-04-16 11:37:57</sys_updated_on><sys_user/><type/></sys_ui_element><sys_ui_element action="INSERT_OR_UPDATE"><element>impact</element><position>13</position><sys_created_by>admin</sys_created_by><sys_created_on>2020-04-16 11:37:57</sys_created_on><sys_id>a51af70c871410107e31af1e36cb0b6e</sys_id><sys_mod_count>0</sys_mod_count><sys_ui_formatter/><sys_ui_section caption="NULL" display_value="" name="incident" sys_domain="global" view="Default view">bf1d96e3c0a801640190725e63f8ac80</sys_ui_section><sys_updated_by>admin</sys_updated_by><sys_updated_on>2020-04-16 11:37:57</sys_updated_on><sys_user/><type/></sys_ui_element><sys_ui_element action="INSERT_OR_UPDATE"><element>urgency</element><position>14</position><sys_created_by>admin</sys_created_by><sys_created_on>2020-04-16 11:37:57</sys_created_on><sys_id>291af70c871410107e31af1e36cb0b6e</sys_id><sys_mod_count>0</sys_mod_count><sys_ui_formatter/><sys_ui_section caption="NULL" display_value="" name="incident" sys_domain="global" view="Default view">bf1d96e3c0a801640190725e63f8ac80</sys_ui_section><sys_updated_by>admin</sys_updated_by><sys_updated_on>2020-04-16 11:37:57</sys_updated_on><sys_user/><type/></sys_ui_element><sys_ui_element action="INSERT_OR_UPDATE"><element>priority</element><position>15</position><sys_created_by>admin</sys_created_by><sys_created_on>2020-04-16 11:37:57</sys_created_on><sys_id>a91af70c871410107e31af1e36cb0b6e</sys_id><sys_mod_count>0</sys_mod_count><sys_ui_formatter/><sys_ui_section caption="NULL" display_value="" name="incident" sys_domain="global" view="Default view">bf1d96e3c0a801640190725e63f8ac80</sys_ui_section><sys_updated_by>admin</sys_updated_by><sys_updated_on>2020-04-16 11:37:57</sys_updated_on><sys_user/><type/></sys_ui_element><sys_ui_element action="INSERT_OR_UPDATE"><element>assignment_group</element><position>16</position><sys_created_by>admin</sys_created_by><sys_created_on>2020-04-16 11:37:57</sys_created_on><sys_id>2d1af70c871410107e31af1e36cb0b6e</sys_id><sys_mod_count>0</sys_mod_count><sys_ui_formatter/><sys_ui_section caption="NULL" display_value="" name="incident" sys_domain="global" view="Default view">bf1d96e3c0a801640190725e63f8ac80</sys_ui_section><sys_updated_by>admin</sys_updated_by><sys_updated_on>2020-04-16 11:37:57</sys_updated_on><sys_user/><type/></sys_ui_element><sys_ui_element action="INSERT_OR_UPDATE"><element>assigned_to</element><position>17</position><sys_created_by>admin</sys_created_by><sys_created_on>2020-04-16 11:37:57</sys_created_on><sys_id>ad1af70c871410107e31af1e36cb0b6e</sys_id><sys_mod_count>0</sys_mod_count><sys_ui_formatter/><sys_ui_section caption="NULL" display_value="" name="incident" sys_domain="global" view="Default view">bf1d96e3c0a801640190725e63f8ac80</sys_ui_section><sys_updated_by>admin</sys_updated_by><sys_updated_on>2020-04-16 11:37:57</sys_updated_on><sys_user/><type/></sys_ui_element><sys_ui_element action="INSERT_OR_UPDATE"><element>.end_split</element><position>18</position><sys_created_by>admin</sys_created_by><sys_created_on>2020-04-16 11:37:57</sys_created_on><sys_id>211af70c871410107e31af1e36cb0b6f</sys_id><sys_mod_count>0</sys_mod_count><sys_ui_formatter/><sys_ui_section caption="NULL" display_value="" name="incident" sys_domain="global" view="Default view">bf1d96e3c0a801640190725e63f8ac80</sys_ui_section><sys_updated_by>admin</sys_updated_by><sys_updated_on>2020-04-16 11:37:57</sys_updated_on><sys_user/><type>.end_split</type></sys_ui_element><sys_ui_element action="INSERT_OR_UPDATE"><element>short_description</element><position>19</position><sys_created_by>admin</sys_created_by><sys_created_on>2020-04-16 11:37:57</sys_created_on><sys_id>a11af70c871410107e31af1e36cb0b6f</sys_id><sys_mod_count>0</sys_mod_count><sys_ui_formatter/><sys_ui_section caption="NULL" display_value="" name="incident" sys_domain="global" view="Default view">bf1d96e3c0a801640190725e63f8ac80</sys_ui_section><sys_updated_by>admin</sys_updated_by><sys_updated_on>2020-04-16 11:37:57</sys_updated_on><sys_user/><type/></sys_ui_element><sys_ui_element action="INSERT_OR_UPDATE"><element>description</element><position>20</position><sys_created_by>admin</sys_created_by><sys_created_on>2020-04-16 11:37:57</sys_created_on><sys_id>251af70c871410107e31af1e36cb0b6f</sys_id><sys_mod_count>0</sys_mod_count><sys_ui_formatter/><sys_ui_section caption="NULL" display_value="" name="incident" sys_domain="global" view="Default view">bf1d96e3c0a801640190725e63f8ac80</sys_ui_section><sys_updated_by>admin</sys_updated_by><sys_updated_on>2020-04-16 11:37:57</sys_updated_on><sys_user/><type/></sys_ui_element><sys_ui_element action="INSERT_OR_UPDATE"><element>cxs_table_search.xml</element><position>21</position><sys_created_by>admin</sys_created_by><sys_created_on>2020-04-16 11:37:57</sys_created_on><sys_id>a51af70c871410107e31af1e36cb0b6f</sys_id><sys_mod_count>0</sys_mod_count><sys_ui_formatter display_value="Contextual Search Results">11eb1622eb1121003623666cd206fe56</sys_ui_formatter><sys_ui_section caption="NULL" display_value="" name="incident" sys_domain="global" view="Default view">bf1d96e3c0a801640190725e63f8ac80</sys_ui_section><sys_updated_by>admin</sys_updated_by><sys_updated_on>2020-04-16 11:37:57</sys_updated_on><sys_user/><type>formatter</type></sys_ui_element><sys_ui_element action="INSERT_OR_UPDATE"><element>u_pilot</element><position>22</position><sys_created_by>admin</sys_created_by><sys_created_on>2024-12-02 15:02:44</sys_created_on><sys_id>6861c168211a5a107f44387bff09229c</sys_id><sys_mod_count>0</sys_mod_count><sys_ui_formatter/><sys_ui_section caption="NULL" display_value="" name="incident" sys_domain="global" view="Default view">bf1d96e3c0a801640190725e63f8ac80</sys_ui_section><sys_updated_by>admin</sys_updated_by><sys_updated_on>2024-12-02 15:02:44</sys_updated_on><sys_user/><type/></sys_ui_element><sys_ui_section action="INSERT_OR_UPDATE"><caption/><header>false</header><name>incident</name><roles/><sys_class_name>sys_ui_section</sys_class_name><sys_created_by>fred.luddy</sys_created_by><sys_created_on>2004-07-14 19:25:13</sys_created_on><sys_domain>global</sys_domain><sys_domain_path/><sys_id>bf1d96e3c0a801640190725e63f8ac80</sys_id><sys_mod_count>0</sys_mod_count><sys_name>incident</sys_name><sys_overrides/><sys_package display_value="Incident Updates" source="com.snc.incident.updates">241a9149830612107f44fd2d4eda1eed</sys_package><sys_policy/><sys_scope display_value="Global">global</sys_scope><sys_update_name>sys_ui_section_bf1d96e3c0a801640190725e63f8ac80</sys_update_name><sys_updated_by>system_bootstrap</sys_updated_by><sys_updated_on>2004-12-13 18:05:34</sys_updated_on><sys_user/><title>true</title><view display_value="Default view" name="NULL">Default view</view><view_name/></sys_ui_section></sys_ui_section></record_update>]]></payload>
<payload_hash>-1156929319</payload_hash>
<remote_update_set display_value="SNAF_XAN_Lab_3.1.1">ae369a6821de5a107f44387bff0922d6</remote_update_set>
<replace_on_upgrade>false</replace_on_upgrade>
<sys_created_by>admin</sys_created_by>
<sys_created_on>2024-12-02 21:13:26</sys_created_on>
<sys_id>22369a6821de5a107f44387bff0922d8</sys_id>
<sys_mod_count>0</sys_mod_count>
<sys_recorded_at>19387e52f970000001</sys_recorded_at>
<sys_updated_by>admin</sys_updated_by>
<sys_updated_on>2024-12-02 21:13:26</sys_updated_on>
<table>incident</table>
<target_name>Incident</target_name>
<type>Form Layout</type>
<update_domain>global</update_domain>
<update_guid>e461c168ef1a5a1092ba17d4e3304ba0</update_guid>
<update_guid_history>e461c168ef1a5a1092ba17d4e3304ba0:-1156929319</update_guid_history>
<update_set display_value=""/>
<view/>
</sys_update_xml>
<sys_update_xml action="INSERT_OR_UPDATE">
<action>INSERT_OR_UPDATE</action>
<application display_value="Global">global</application>
<category>customer</category>
<comments/>
<name>sys_app_module_1d5249a8211a5a107f44387bff092299</name>
<payload><![CDATA[<?xml version="1.0" encoding="UTF-8"?><record_update sys_domain="global" table="sys_app_module"><sys_app_module action="INSERT_OR_UPDATE"><active>true</active><application display_value="HHD">ef2245a8211a5a107f44387bff092243</application><assessment/><device_type/><filter table="incident">service_offeringLIKEHHD^EQ<item endquery="false" field="service_offering" goto="false" newquery="false" operator="LIKE" or="false" value="HHD"/><item endquery="true" field="" goto="false" newquery="false" operator="=" or="false" value=""/></filter><hint>HHD Incidents and Inquiries</hint><homepage/><image/><link_type>LIST</link_type><map_page/><mobile_title>Incidents and Inquiries</mobile_title><mobile_view_name>Mobile</mobile_view_name><name>incident</name><order>10</order><override_menu_roles>false</override_menu_roles><query/><report/><require_confirmation>true</require_confirmation><roles>itil</roles><sys_class_name>sys_app_module</sys_class_name><sys_created_by>admin</sys_created_by><sys_created_on>2024-12-02 15:08:06</sys_created_on><sys_domain>global</sys_domain><sys_domain_path>/</sys_domain_path><sys_id>1d5249a8211a5a107f44387bff092299</sys_id><sys_mod_count>0</sys_mod_count><sys_name>Incidents and Inquiries</sys_name><sys_overrides/><sys_package display_value="Global" source="global">global</sys_package><sys_policy/><sys_scope display_value="Global">global</sys_scope><sys_update_name>sys_app_module_1d5249a8211a5a107f44387bff092299</sys_update_name><sys_updated_by>admin</sys_updated_by><sys_updated_on>2024-12-02 15:08:06</sys_updated_on><timeline_page/><title>Incidents and Inquiries</title><uncancelable>false</uncancelable><view_name>HHD</view_name><window_name/></sys_app_module></record_update>]]></payload>
<payload_hash>52190629</payload_hash>
<remote_update_set display_value="SNAF_XAN_Lab_3.1.1">ae369a6821de5a107f44387bff0922d6</remote_update_set>
<replace_on_upgrade>false</replace_on_upgrade>
<sys_created_by>admin</sys_created_by>
<sys_created_on>2024-12-02 21:13:26</sys_created_on>
<sys_id>26369a6821de5a107f44387bff0922d7</sys_id>
<sys_mod_count>0</sys_mod_count>
<sys_recorded_at>19387ea1ad10000001</sys_recorded_at>
<sys_updated_by>admin</sys_updated_by>
<sys_updated_on>2024-12-02 21:13:26</sys_updated_on>
<table>incident</table>
<target_name>Incidents and Inquiries</target_name>
<type>Module</type>
<update_domain>global</update_domain>
<update_guid>9f92cda82a1a5a106a60d6f2e0ac986f</update_guid>
<update_guid_history>9f92cda82a1a5a106a60d6f2e0ac986f:52190629</update_guid_history>
<update_set display_value=""/>
<view/>
</sys_update_xml>
<sys_update_xml action="INSERT_OR_UPDATE">
<action>INSERT_OR_UPDATE</action>
<application display_value="Global">global</application>
<category>customer</category>
<comments/>
<name>sys_app_application_ef2245a8211a5a107f44387bff092243</name>
<payload><![CDATA[<?xml version="1.0" encoding="UTF-8"?><record_update sys_domain="global" table="sys_app_application"><sys_app_application action="INSERT_OR_UPDATE"><active>true</active><category display_value="Custom Applications">e0355b31ef303000a61d5a3615c0fb78</category><description/><device_type>browser</device_type><hint>Holographic Handheld Devices</hint><name/><order>100</order><roles>itil</roles><sys_class_name>sys_app_application</sys_class_name><sys_created_by>admin</sys_created_by><sys_created_on>2024-12-02 15:06:41</sys_created_on><sys_domain>global</sys_domain><sys_domain_path>/</sys_domain_path><sys_id>ef2245a8211a5a107f44387bff092243</sys_id><sys_mod_count>0</sys_mod_count><sys_name>HHD</sys_name><sys_overrides/><sys_package display_value="Global" source="global">global</sys_package><sys_policy/><sys_scope display_value="Global">global</sys_scope><sys_update_name>sys_app_application_ef2245a8211a5a107f44387bff092243</sys_update_name><sys_updated_by>admin</sys_updated_by><sys_updated_on>2024-12-02 15:06:41</sys_updated_on><title>HHD</title><view_name/></sys_app_application></record_update>]]></payload>
<payload_hash>493406698</payload_hash>
<remote_update_set display_value="SNAF_XAN_Lab_3.1.1">ae369a6821de5a107f44387bff0922d6</remote_update_set>
<replace_on_upgrade>false</replace_on_upgrade>
<sys_created_by>admin</sys_created_by>
<sys_created_on>2024-12-02 21:13:26</sys_created_on>
<sys_id>62369a6821de5a107f44387bff0922d7</sys_id>
<sys_mod_count>0</sys_mod_count>
<sys_recorded_at>19387e8cf6f0000001</sys_recorded_at>
<sys_updated_by>admin</sys_updated_by>
<sys_updated_on>2024-12-02 21:13:26</sys_updated_on>
<table/>
<target_name>HHD</target_name>
<type>Application Menu</type>
<update_domain>global</update_domain>
<update_guid>6242c5a84d1a5a10eb01edde7e49105b</update_guid>
<update_guid_history>6242c5a84d1a5a10eb01edde7e49105b:493406698</update_guid_history>
<update_set display_value=""/>
<view/>
</sys_update_xml>
<sys_update_xml action="INSERT_OR_UPDATE">
<action>INSERT_OR_UPDATE</action>
<application display_value="Global">global</application>
<category>customer</category>
<comments/>
<name>sys_ui_list_incident_hhd</name>
<payload><![CDATA[<?xml version="1.0" encoding="UTF-8"?><record_update><sys_ui_list parent="" relationship="" sys_domain="global" table="incident" version="2" view="hhd"><sys_ui_list_element action="INSERT_OR_UPDATE"><average_value>false</average_value><element>number</element><list_id display_value="incident" element="NULL" name="incident" parent="NULL" relationship="NULL" sys_domain="global" view="cd810128211a5a107f44387bff09225b">360281a8211a5a107f44387bff092205</list_id><max_value>false</max_value><min_value>false</min_value><position>0</position><sum>false</sum><sys_created_by>admin</sys_created_by><sys_created_on>2024-12-02 15:05:37</sys_created_on><sys_id>be0281a8211a5a107f44387bff092205</sys_id><sys_mod_count>0</sys_mod_count><sys_updated_by>admin</sys_updated_by><sys_updated_on>2024-12-02 15:05:37</sys_updated_on></sys_ui_list_element><sys_ui_list_element action="INSERT_OR_UPDATE"><average_value>false</average_value><element>u_pilot</element><list_id display_value="incident" element="NULL" name="incident" parent="NULL" relationship="NULL" sys_domain="global" view="cd810128211a5a107f44387bff09225b">360281a8211a5a107f44387bff092205</list_id><max_value>false</max_value><min_value>false</min_value><position>1</position><sum>false</sum><sys_created_by>admin</sys_created_by><sys_created_on>2024-12-02 15:05:37</sys_created_on><sys_id>b20281a8211a5a107f44387bff092206</sys_id><sys_mod_count>0</sys_mod_count><sys_updated_by>admin</sys_updated_by><sys_updated_on>2024-12-02 15:05:37</sys_updated_on></sys_ui_list_element><sys_ui_list_element action="INSERT_OR_UPDATE"><average_value>false</average_value><element>category</element><list_id display_value="incident" element="NULL" name="incident" parent="NULL" relationship="NULL" sys_domain="global" view="cd810128211a5a107f44387bff09225b">360281a8211a5a107f44387bff092205</list_id><max_value>false</max_value><min_value>false</min_value><position>2</position><sum>false</sum><sys_created_by>admin</sys_created_by><sys_created_on>2024-12-02 15:05:37</sys_created_on><sys_id>b60281a8211a5a107f44387bff092206</sys_id><sys_mod_count>0</sys_mod_count><sys_updated_by>admin</sys_updated_by><sys_updated_on>2024-12-02 15:05:37</sys_updated_on></sys_ui_list_element><sys_ui_list_element action="INSERT_OR_UPDATE"><average_value>false</average_value><element>opened_at</element><list_id display_value="incident" element="NULL" name="incident" parent="NULL" relationship="NULL" sys_domain="global" view="cd810128211a5a107f44387bff09225b">360281a8211a5a107f44387bff092205</list_id><max_value>false</max_value><min_value>false</min_value><position>3</position><sum>false</sum><sys_created_by>admin</sys_created_by><sys_created_on>2024-12-02 15:05:37</sys_created_on><sys_id>ba0281a8211a5a107f44387bff092206</sys_id><sys_mod_count>0</sys_mod_count><sys_updated_by>admin</sys_updated_by><sys_updated_on>2024-12-02 15:05:37</sys_updated_on></sys_ui_list_element><sys_ui_list_element action="INSERT_OR_UPDATE"><average_value>false</average_value><element>cmdb_ci</element><list_id display_value="incident" element="NULL" name="incident" parent="NULL" relationship="NULL" sys_domain="global" view="cd810128211a5a107f44387bff09225b">360281a8211a5a107f44387bff092205</list_id><max_value>false</max_value><min_value>false</min_value><position>4</position><sum>false</sum><sys_created_by>admin</sys_created_by><sys_created_on>2024-12-02 15:05:37</sys_created_on><sys_id>be0281a8211a5a107f44387bff092206</sys_id><sys_mod_count>0</sys_mod_count><sys_updated_by>admin</sys_updated_by><sys_updated_on>2024-12-02 15:05:37</sys_updated_on></sys_ui_list_element><sys_ui_list_element action="INSERT_OR_UPDATE"><average_value>false</average_value><element>cmdb_ci.model_id</element><list_id display_value="incident" element="NULL" name="incident" parent="NULL" relationship="NULL" sys_domain="global" view="cd810128211a5a107f44387bff09225b">360281a8211a5a107f44387bff092205</list_id><max_value>false</max_value><min_value>false</min_value><position>5</position><sum>false</sum><sys_created_by>admin</sys_created_by><sys_created_on>2024-12-02 15:05:37</sys_created_on><sys_id>b20281a8211a5a107f44387bff092207</sys_id><sys_mod_count>0</sys_mod_count><sys_updated_by>admin</sys_updated_by><sys_updated_on>2024-12-02 15:05:37</sys_updated_on></sys_ui_list_element><sys_ui_list_element action="INSERT_OR_UPDATE"><average_value>false</average_value><element>cmdb_ci.install_status</element><list_id display_value="incident" element="NULL" name="incident" parent="NULL" relationship="NULL" sys_domain="global" view="cd810128211a5a107f44387bff09225b">360281a8211a5a107f44387bff092205</list_id><max_value>false</max_value><min_value>false</min_value><position>6</position><sum>false</sum><sys_created_by>admin</sys_created_by><sys_created_on>2024-12-02 15:05:37</sys_created_on><sys_id>b60281a8211a5a107f44387bff092207</sys_id><sys_mod_count>0</sys_mod_count><sys_updated_by>admin</sys_updated_by><sys_updated_on>2024-12-02 15:05:37</sys_updated_on></sys_ui_list_element><sys_ui_list_element action="INSERT_OR_UPDATE"><average_value>false</average_value><element>short_description</element><list_id display_value="incident" element="NULL" name="incident" parent="NULL" relationship="NULL" sys_domain="global" view="cd810128211a5a107f44387bff09225b">360281a8211a5a107f44387bff092205</list_id><max_value>false</max_value><min_value>false</min_value><position>7</position><sum>false</sum><sys_created_by>admin</sys_created_by><sys_created_on>2024-12-02 15:05:37</sys_created_on><sys_id>ba0281a8211a5a107f44387bff092207</sys_id><sys_mod_count>0</sys_mod_count><sys_updated_by>admin</sys_updated_by><sys_updated_on>2024-12-02 15:05:37</sys_updated_on></sys_ui_list_element><sys_ui_list_element action="INSERT_OR_UPDATE"><average_value>false</average_value><element>caller_id</element><list_id display_value="incident" element="NULL" name="incident" parent="NULL" relationship="NULL" sys_domain="global" view="cd810128211a5a107f44387bff09225b">360281a8211a5a107f44387bff092205</list_id><max_value>false</max_value><min_value>false</min_value><position>8</position><sum>false</sum><sys_created_by>admin</sys_created_by><sys_created_on>2024-12-02 15:05:37</sys_created_on><sys_id>be0281a8211a5a107f44387bff092207</sys_id><sys_mod_count>0</sys_mod_count><sys_updated_by>admin</sys_updated_by><sys_updated_on>2024-12-02 15:05:37</sys_updated_on></sys_ui_list_element><sys_ui_list_element action="INSERT_OR_UPDATE"><average_value>false</average_value><element>state</element><list_id display_value="incident" element="NULL" name="incident" parent="NULL" relationship="NULL" sys_domain="global" view="cd810128211a5a107f44387bff09225b">360281a8211a5a107f44387bff092205</list_id><max_value>false</max_value><min_value>false</min_value><position>9</position><sum>false</sum><sys_created_by>admin</sys_created_by><sys_created_on>2024-12-02 15:05:37</sys_created_on><sys_id>b20281a8211a5a107f44387bff092208</sys_id><sys_mod_count>0</sys_mod_count><sys_updated_by>admin</sys_updated_by><sys_updated_on>2024-12-02 15:05:37</sys_updated_on></sys_ui_list_element><sys_ui_list action="INSERT_OR_UPDATE"><average_value>false</average_value><element/><max_value>false</max_value><min_value>false</min_value><name>incident</name><parent/><position/><relationship/><sum>false</sum><sys_class_name>sys_ui_list</sys_class_name><sys_created_by>admin</sys_created_by><sys_created_on>2024-12-02 15:05:37</sys_created_on><sys_domain>global</sys_domain><sys_domain_path>/</sys_domain_path><sys_id>360281a8211a5a107f44387bff092205</sys_id><sys_mod_count>0</sys_mod_count><sys_name>incident</sys_name><sys_package display_value="Global" source="global">global</sys_package><sys_policy/><sys_scope display_value="Global">global</sys_scope><sys_update_name>sys_ui_list_incident_hhd</sys_update_name><sys_updated_by>admin</sys_updated_by><sys_updated_on>2024-12-02 15:05:37</sys_updated_on><sys_user/><view display_value="HHD" name="hhd">cd810128211a5a107f44387bff09225b</view><view_name/></sys_ui_list></sys_ui_list></record_update>]]></payload>
<payload_hash>-574673504</payload_hash>
<remote_update_set display_value="SNAF_XAN_Lab_3.1.1">ae369a6821de5a107f44387bff0922d6</remote_update_set>
<replace_on_upgrade>false</replace_on_upgrade>
<sys_created_by>admin</sys_created_by>
<sys_created_on>2024-12-02 21:13:26</sys_created_on>
<sys_id>6e369a6821de5a107f44387bff0922d7</sys_id>
<sys_mod_count>0</sys_mod_count>
<sys_recorded_at>19387e7d4990000001</sys_recorded_at>
<sys_updated_by>admin</sys_updated_by>
<sys_updated_on>2024-12-02 21:13:26</sys_updated_on>
<table>incident</table>
<target_name>Incident</target_name>
<type>List Layout</type>
<update_domain>global</update_domain>
<update_guid>360281a8dd1a5a10c27583a971f4880a</update_guid>
<update_guid_history>360281a8dd1a5a10c27583a971f4880a:-574673504,8181c568ce1a5a10ef7520ad2a424ab8:-1337893823</update_guid_history>
<update_set display_value=""/>
<view>hhd</view>
</sys_update_xml>
<sys_update_xml action="INSERT_OR_UPDATE">
<action>INSERT_OR_UPDATE</action>
<application display_value="Global">global</application>
<category>customer</category>
<comments/>
<name>sys_documentation_incident_u_pilot_en</name>
<payload><![CDATA[<?xml version="1.0" encoding="UTF-8"?><record_update><sys_documentation element="u_pilot" label="Pilot" language="en" table="incident"><sys_documentation action="INSERT_OR_UPDATE"><element>u_pilot</element><help/><hint/><label>Pilot</label><language>en</language><name>incident</name><plural>Pilots</plural><sys_class_name>sys_documentation</sys_class_name><sys_created_by>admin</sys_created_by><sys_created_on>2024-12-02 15:02:44</sys_created_on><sys_id>2461c168211a5a107f44387bff0922a2</sys_id><sys_mod_count>0</sys_mod_count><sys_name>Pilot</sys_name><sys_package display_value="Global" source="global">global</sys_package><sys_policy/><sys_scope display_value="Global">global</sys_scope><sys_update_name>sys_documentation_incident_u_pilot_en</sys_update_name><sys_updated_by>admin</sys_updated_by><sys_updated_on>2024-12-02 15:02:44</sys_updated_on><url/><url_target/></sys_documentation></sys_documentation></record_update>]]></payload>
<payload_hash>227479071</payload_hash>
<remote_update_set display_value="SNAF_XAN_Lab_3.1.1">ae369a6821de5a107f44387bff0922d6</remote_update_set>
<replace_on_upgrade>false</replace_on_upgrade>
<sys_created_by>admin</sys_created_by>
<sys_created_on>2024-12-02 21:13:26</sys_created_on>
<sys_id>aa369a6821de5a107f44387bff0922d7</sys_id>
<sys_mod_count>0</sys_mod_count>
<sys_recorded_at>19387e531e80000001</sys_recorded_at>
<sys_updated_by>admin</sys_updated_by>
<sys_updated_on>2024-12-02 21:13:26</sys_updated_on>
<table>incident</table>
<target_name>Incident.Pilot</target_name>
<type>Field Label</type>
<update_domain>global</update_domain>
<update_guid>a461c168ac1a5a10520cf31567fcf7be</update_guid>
<update_guid_history>a461c168ac1a5a10520cf31567fcf7be:227479071</update_guid_history>
<update_set display_value=""/>
<view/>
</sys_update_xml>
<sys_update_xml action="INSERT_OR_UPDATE">
<action>INSERT_OR_UPDATE</action>
<application display_value="Global">global</application>
<category>customer</category>
<comments/>
<name>sys_ui_view_cd810128211a5a107f44387bff09225b</name>
<payload><![CDATA[<?xml version="1.0" encoding="UTF-8"?><record_update table="sys_ui_view"><sys_ui_view action="INSERT_OR_UPDATE"><group/><hidden>false</hidden><name>hhd</name><roles/><sys_class_name>sys_ui_view</sys_class_name><sys_created_by>admin</sys_created_by><sys_created_on>2024-12-02 15:03:19</sys_created_on><sys_id>cd810128211a5a107f44387bff09225b</sys_id><sys_mod_count>0</sys_mod_count><sys_name>HHD</sys_name><sys_package display_value="Global" source="global">global</sys_package><sys_policy/><sys_scope display_value="Global">global</sys_scope><sys_update_name>sys_ui_view_cd810128211a5a107f44387bff09225b</sys_update_name><sys_updated_by>admin</sys_updated_by><sys_updated_on>2024-12-02 15:03:19</sys_updated_on><title>HHD</title><user/></sys_ui_view></record_update>]]></payload>
<payload_hash>1440037593</payload_hash>
<remote_update_set display_value="SNAF_XAN_Lab_3.1.1">ae369a6821de5a107f44387bff0922d6</remote_update_set>
<replace_on_upgrade>false</replace_on_upgrade>
<sys_created_by>admin</sys_created_by>
<sys_created_on>2024-12-02 21:13:26</sys_created_on>
<sys_id>e2369a6821de5a107f44387bff0922d8</sys_id>
<sys_mod_count>0</sys_mod_count>
<sys_recorded_at>19387e5b7210000001</sys_recorded_at>
<sys_updated_by>admin</sys_updated_by>
<sys_updated_on>2024-12-02 21:13:26</sys_updated_on>
<table/>
<target_name>HHD</target_name>
<type>UI View</type>
<update_domain>global</update_domain>
<update_guid>0d810128261a5a104f59dad533ff5d5e</update_guid>
<update_guid_history>0d810128261a5a104f59dad533ff5d5e:1440037593</update_guid_history>
<update_set display_value=""/>
<view/>
</sys_update_xml>
<sys_update_xml action="INSERT_OR_UPDATE">
<action>INSERT_OR_UPDATE</action>
<application display_value="Global">global</application>
<category>customer</category>
<comments/>
<name>sys_dictionary_incident_u_pilot</name>
<payload>&lt;?xml version="1.0" encoding="UTF-8"?&gt;&lt;record_update&gt;&lt;sys_dictionary action="INSERT_OR_UPDATE" element="u_pilot" table="incident"&gt;&lt;active&gt;true&lt;/active&gt;&lt;array&gt;false&lt;/array&gt;&lt;attributes/&gt;&lt;audit&gt;false&lt;/audit&gt;&lt;calculation&gt;&lt;![CDATA[(function calculatedFieldValue(current) {

	// Add your code here
	return '';  // return the calculated value

})(current);]]&gt;&lt;/calculation&gt;&lt;choice/&gt;&lt;choice_field/&gt;&lt;choice_table/&gt;&lt;column_label&gt;Pilot&lt;/column_label&gt;&lt;comments/&gt;&lt;create_roles/&gt;&lt;default_value&gt;false&lt;/default_value&gt;&lt;defaultsort/&gt;&lt;delete_roles/&gt;&lt;dependent/&gt;&lt;dependent_on_field/&gt;&lt;display&gt;false&lt;/display&gt;&lt;dynamic_creation&gt;false&lt;/dynamic_creation&gt;&lt;dynamic_creation_script/&gt;&lt;dynamic_default_value/&gt;&lt;dynamic_ref_qual/&gt;&lt;element&gt;u_pilot&lt;/element&gt;&lt;element_reference&gt;false&lt;/element_reference&gt;&lt;foreign_database/&gt;&lt;formula/&gt;&lt;function_definition/&gt;&lt;function_field&gt;false&lt;/function_field&gt;&lt;internal_type display_value=""&gt;boolean&lt;/internal_type&gt;&lt;mandatory&gt;false&lt;/mandatory&gt;&lt;max_length&gt;40&lt;/max_length&gt;&lt;name&gt;incident&lt;/name&gt;&lt;next_element/&gt;&lt;primary&gt;false&lt;/primary&gt;&lt;read_only&gt;false&lt;/read_only&gt;&lt;read_roles/&gt;&lt;reference/&gt;&lt;reference_cascade_rule/&gt;&lt;reference_floats&gt;false&lt;/reference_floats&gt;&lt;reference_key/&gt;&lt;reference_qual/&gt;&lt;reference_qual_condition/&gt;&lt;reference_type/&gt;&lt;spell_check&gt;false&lt;/spell_check&gt;&lt;staged&gt;false&lt;/staged&gt;&lt;sys_class_name&gt;sys_dictionary&lt;/sys_class_name&gt;&lt;sys_created_by&gt;admin&lt;/sys_created_by&gt;&lt;sys_created_on&gt;2024-12-02 15:02:44&lt;/sys_created_on&gt;&lt;sys_id&gt;d3314168211a5a107f44387bff092214&lt;/sys_id&gt;&lt;sys_name&gt;Pilot&lt;/sys_name&gt;&lt;sys_package display_value="Global" source="global"&gt;global&lt;/sys_package&gt;&lt;sys_policy/&gt;&lt;sys_scope display_value="Global"&gt;global&lt;/sys_scope&gt;&lt;sys_update_name&gt;sys_dictionary_incident_u_pilot&lt;/sys_update_name&gt;&lt;sys_updated_by&gt;admin&lt;/sys_updated_by&gt;&lt;sys_updated_on&gt;2024-12-02 15:02:44&lt;/sys_updated_on&gt;&lt;table_reference&gt;false&lt;/table_reference&gt;&lt;text_index&gt;false&lt;/text_index&gt;&lt;unique&gt;false&lt;/unique&gt;&lt;use_dependent_field&gt;false&lt;/use_dependent_field&gt;&lt;use_dynamic_default&gt;false&lt;/use_dynamic_default&gt;&lt;use_reference_qualifier&gt;simple&lt;/use_reference_qualifier&gt;&lt;virtual&gt;false&lt;/virtual&gt;&lt;virtual_type&gt;script&lt;/virtual_type&gt;&lt;widget/&gt;&lt;write_roles/&gt;&lt;xml_view&gt;false&lt;/xml_view&gt;&lt;/sys_dictionary&gt;&lt;/record_update&gt;</payload>
<payload_hash>337840496</payload_hash>
<remote_update_set display_value="SNAF_XAN_Lab_3.1.1">ae369a6821de5a107f44387bff0922d6</remote_update_set>
<replace_on_upgrade>false</replace_on_upgrade>
<sys_created_by>admin</sys_created_by>
<sys_created_on>2024-12-02 21:13:26</sys_created_on>
<sys_id>e6369a6821de5a107f44387bff0922d7</sys_id>
<sys_mod_count>0</sys_mod_count>
<sys_recorded_at>19387e531c00000001</sys_recorded_at>
<sys_updated_by>admin</sys_updated_by>
<sys_updated_on>2024-12-02 21:13:26</sys_updated_on>
<table>incident</table>
<target_name>Incident.Pilot</target_name>
<type>Dictionary</type>
<update_domain>global</update_domain>
<update_guid>e061c168621a5a10d0e8a9de268578bc</update_guid>
<update_guid_history>e061c168621a5a10d0e8a9de268578bc:337840496</update_guid_history>
<update_set display_value=""/>
<view/>
</sys_update_xml>
</unload>
