<?xml version="1.0" encoding="UTF-8"?><unload unload_date="2024-12-02 21:14:02">
<sys_remote_update_set action="INSERT_OR_UPDATE">
<application display_value="Global">global</application>
<application_name>Global</application_name>
<application_scope>global</application_scope>
<application_version/>
<collisions/>
<commit_date/>
<deleted/>
<description>Created Firmware subcategory, Training Service, Infinity HHD Service offering, Training Tech Support Group</description>
<inserted/>
<name>SNAF_XAN_Lab_3.3.1</name>
<origin_sys_id/>
<parent display_value=""/>
<release_date/>
<remote_base_update_set display_value=""/>
<remote_parent_id/>
<remote_sys_id>ec4885a0215a5a107f44387bff09224a</remote_sys_id>
<state>loaded</state>
<summary/>
<sys_class_name>sys_remote_update_set</sys_class_name>
<sys_created_by>admin</sys_created_by>
<sys_created_on>2024-12-02 21:14:01</sys_created_on>
<sys_id>9356126821de5a107f44387bff0922ce</sys_id>
<sys_mod_count>0</sys_mod_count>
<sys_updated_by>admin</sys_updated_by>
<sys_updated_on>2024-12-02 21:14:01</sys_updated_on>
<update_set display_value=""/>
<update_source display_value=""/>
<updated/>
</sys_remote_update_set>
<sys_update_xml action="INSERT_OR_UPDATE">
<action>INSERT_OR_UPDATE</action>
<application display_value="Global">global</application>
<category>customer</category>
<comments/>
<name>sys_user_group_a6d98d24215a5a107f44387bff092241</name>
<payload><![CDATA[<?xml version="1.0" encoding="UTF-8"?><record_update table="sys_user_group"><sys_user_group action="INSERT_OR_UPDATE"><active>true</active><cost_center/><default_assignee/><description/><email/><exclude_manager>false</exclude_manager><include_members>false</include_members><manager/><name>Training Technology Support</name><parent/><points>0</points><roles/><source/><sys_created_by>admin</sys_created_by><sys_created_on>2024-12-02 15:39:54</sys_created_on><sys_id>a6d98d24215a5a107f44387bff092241</sys_id><sys_mod_count>0</sys_mod_count><sys_updated_by>admin</sys_updated_by><sys_updated_on>2024-12-02 15:39:54</sys_updated_on><type/></sys_user_group></record_update>]]></payload>
<payload_hash>133730787</payload_hash>
<remote_update_set display_value="SNAF_XAN_Lab_3.3.1">9356126821de5a107f44387bff0922ce</remote_update_set>
<replace_on_upgrade>false</replace_on_upgrade>
<sys_created_by>admin</sys_created_by>
<sys_created_on>2024-12-02 21:14:01</sys_created_on>
<sys_id>1356126821de5a107f44387bff0922d0</sys_id>
<sys_mod_count>0</sys_mod_count>
<sys_recorded_at>1938807fc2b0000001</sys_recorded_at>
<sys_updated_by>admin</sys_updated_by>
<sys_updated_on>2024-12-02 21:14:01</sys_updated_on>
<table/>
<target_name>Training Technology Support</target_name>
<type>Group</type>
<update_domain>global</update_domain>
<update_guid>191a8d24a75a5a1087ca4b3402d0f85e</update_guid>
<update_guid_history>191a8d24a75a5a1087ca4b3402d0f85e:133730787</update_guid_history>
<update_set display_value=""/>
<view/>
</sys_update_xml>
<sys_update_xml action="INSERT_OR_UPDATE">
<action>INSERT_OR_UPDATE</action>
<application display_value="Global">global</application>
<category>customer</category>
<comments/>
<name>sys_user_grmember_e80a4164215a5a107f44387bff09229b</name>
<payload><![CDATA[<?xml version="1.0" encoding="UTF-8"?><record_update table="sys_user_grmember"><sys_user_grmember action="INSERT_OR_UPDATE"><group display_value="Training Technology Support" name="Training Technology Support">a6d98d24215a5a107f44387bff092241</group><points>0</points><scrum_role/><sys_created_by>admin</sys_created_by><sys_created_on>2024-12-02 15:40:25</sys_created_on><sys_id>e80a4164215a5a107f44387bff09229b</sys_id><sys_mod_count>0</sys_mod_count><sys_updated_by>admin</sys_updated_by><sys_updated_on>2024-12-02 15:40:25</sys_updated_on><user display_value="Annette Frietas">62826bf03710200044e0bfc8bcbe5de8</user></sys_user_grmember></record_update>]]></payload>
<payload_hash>1571750479</payload_hash>
<remote_update_set display_value="SNAF_XAN_Lab_3.3.1">9356126821de5a107f44387bff0922ce</remote_update_set>
<replace_on_upgrade>false</replace_on_upgrade>
<sys_created_by>admin</sys_created_by>
<sys_created_on>2024-12-02 21:14:01</sys_created_on>
<sys_id>1756126821de5a107f44387bff0922cf</sys_id>
<sys_mod_count>0</sys_mod_count>
<sys_recorded_at>1938807fc640000001</sys_recorded_at>
<sys_updated_by>admin</sys_updated_by>
<sys_updated_on>2024-12-02 21:14:01</sys_updated_on>
<table/>
<target_name>Annette Frietas.Training Technology Support</target_name>
<type>Group Member</type>
<update_domain>global</update_domain>
<update_guid>9d1a0564eb5a5a10e916d40f8cff171e</update_guid>
<update_guid_history>9d1a0564eb5a5a10e916d40f8cff171e:1571750479</update_guid_history>
<update_set display_value=""/>
<view/>
</sys_update_xml>
<sys_update_xml action="INSERT_OR_UPDATE">
<action>INSERT_OR_UPDATE</action>
<application display_value="Global">global</application>
<category>customer</category>
<comments/>
<name>incident_980b49a4215a5a107f44387bff09224e</name>
<payload><![CDATA[<?xml version="1.0" encoding="UTF-8"?><record_update sys_domain="global" table="incident"><incident action="INSERT_OR_UPDATE"><active>true</active><activity_due/><additional_assignee_list/><approval>not requested</approval><approval_history/><approval_set/><assigned_to/><assignment_group display_value="Training Technology Support" name="Training Technology Support">a6d98d24215a5a107f44387bff092241</assignment_group><business_duration/><business_impact/><business_service display_value="Training">6b690524215a5a107f44387bff092254</business_service><business_stc/><calendar_duration/><calendar_stc/><caller_id display_value="Fred Luddy">5137153cc611227c000bbd1bd8cd2005</caller_id><category>hardware</category><cause/><caused_by/><child_incidents>0</child_incidents><close_code/><close_notes/><closed_at/><closed_by/><cmdb_ci/><comments/><comments_and_work_notes/><company display_value="ACME North America">31bea3d53790200044e0bfc8bcbe5dec</company><contact_type/><contract/><correlation_display/><correlation_id/><delivery_plan/><delivery_task/><description/><due_date/><escalation>0</escalation><expected_start/><follow_up/><group_list/><hold_reason/><impact>3</impact><incident_state>1</incident_state><knowledge>false</knowledge><location/><made_sla>true</made_sla><notify>1</notify><number>INC0010010</number><opened_at>2024-12-02 15:44:46</opened_at><opened_by display_value="Beth Anglin">46d44a23a9fe19810012d100cca80666</opened_by><order/><origin_id/><origin_table/><parent/><parent_incident/><priority>5</priority><problem_id/><reassignment_count>0</reassignment_count><rejection_goto/><reopen_count>0</reopen_count><reopened_by/><reopened_time/><resolved_at/><resolved_by/><rfc/><route_reason/><service_offering display_value="Infinity (HHD)">9c990924215a5a107f44387bff092212</service_offering><severity>3</severity><short_description>Firmware Error 123 showing on Infinity display</short_description><skills/><sla_due/><sn_esign_document/><sn_esign_esignature_configuration/><state>1</state><subcategory>Firmware</subcategory><sys_class_name>incident</sys_class_name><sys_created_by>beth.anglin</sys_created_by><sys_created_on>2024-12-02 15:45:55</sys_created_on><sys_domain>global</sys_domain><sys_domain_path>/</sys_domain_path><sys_id>980b49a4215a5a107f44387bff09224e</sys_id><sys_mod_count>0</sys_mod_count><sys_updated_by>beth.anglin</sys_updated_by><sys_updated_on>2024-12-02 15:45:55</sys_updated_on><task_effective_number>INC0010010</task_effective_number><time_worked/><u_pilo0>true</u_pilo0><u_pilot>false</u_pilot><universal_request/><upon_approval>proceed</upon_approval><upon_reject>cancel</upon_reject><urgency>3</urgency><user_input/><variables/><watch_list/><wf_activity/><work_end/><work_notes/><work_notes_list/><work_start/></incident></record_update>]]></payload>
<payload_hash>105948956</payload_hash>
<remote_update_set display_value="SNAF_XAN_Lab_3.3.1">9356126821de5a107f44387bff0922ce</remote_update_set>
<replace_on_upgrade>false</replace_on_upgrade>
<sys_created_by>admin</sys_created_by>
<sys_created_on>2024-12-02 21:14:01</sys_created_on>
<sys_id>1b56126821de5a107f44387bff0922ce</sys_id>
<sys_mod_count>0</sys_mod_count>
<sys_recorded_at>193880d5fb40000001</sys_recorded_at>
<sys_updated_by>admin</sys_updated_by>
<sys_updated_on>2024-12-02 21:14:01</sys_updated_on>
<table/>
<target_name>INC0010010</target_name>
<type>Incident</type>
<update_domain>global</update_domain>
<update_guid>eb6b05e4975a5a10c57259ecaedc9274</update_guid>
<update_guid_history>eb6b05e4975a5a10c57259ecaedc9274:105948956</update_guid_history>
<update_set display_value=""/>
<view/>
</sys_update_xml>
<sys_update_xml action="INSERT_OR_UPDATE">
<action>INSERT_OR_UPDATE</action>
<application display_value="Global">global</application>
<category>customer</category>
<comments/>
<name>sys_group_has_role_fe0a8164215a5a107f44387bff0922a4</name>
<payload><![CDATA[<?xml version="1.0" encoding="UTF-8"?><record_update table="sys_group_has_role"><sys_group_has_role action="INSERT_OR_UPDATE"><granted_by/><group display_value="Training Technology Support" name="Training Technology Support">a6d98d24215a5a107f44387bff092241</group><inherits>true</inherits><role display_value="itil" name="itil">282bf1fac6112285017366cb5f867469</role><sys_created_by>admin</sys_created_by><sys_created_on>2024-12-02 15:40:35</sys_created_on><sys_id>fe0a8164215a5a107f44387bff0922a4</sys_id><sys_mod_count>0</sys_mod_count><sys_updated_by>admin</sys_updated_by><sys_updated_on>2024-12-02 15:40:35</sys_updated_on></sys_group_has_role></record_update>]]></payload>
<payload_hash>-1142514662</payload_hash>
<remote_update_set display_value="SNAF_XAN_Lab_3.3.1">9356126821de5a107f44387bff0922ce</remote_update_set>
<replace_on_upgrade>false</replace_on_upgrade>
<sys_created_by>admin</sys_created_by>
<sys_created_on>2024-12-02 21:14:01</sys_created_on>
<sys_id>5356126821de5a107f44387bff0922cf</sys_id>
<sys_mod_count>0</sys_mod_count>
<sys_recorded_at>1938807fc480000001</sys_recorded_at>
<sys_updated_by>admin</sys_updated_by>
<sys_updated_on>2024-12-02 21:14:01</sys_updated_on>
<table/>
<target_name>itil.Training Technology Support</target_name>
<type>Group Role</type>
<update_domain>global</update_domain>
<update_guid>dd1a8d249f5a5a10f3bc15461f638360</update_guid>
<update_guid_history>dd1a8d249f5a5a10f3bc15461f638360:-1142514662</update_guid_history>
<update_set display_value=""/>
<view/>
</sys_update_xml>
<sys_update_xml action="INSERT_OR_UPDATE">
<action>INSERT_OR_UPDATE</action>
<application display_value="Global">global</application>
<category>customer</category>
<comments/>
<name>cmdb_ci_service_6b690524215a5a107f44387bff092254</name>
<payload><![CDATA[<?xml version="1.0" encoding="UTF-8"?><record_update sys_domain="global" table="cmdb_ci_service"><cmdb_ci_service action="INSERT_OR_UPDATE"><aliases/><asset/><asset_tag/><assigned/><assigned_to/><assignment_group display_value="Training Technology Support" name="Training Technology Support">a6d98d24215a5a107f44387bff092241</assignment_group><attestation_score/><attestation_status>Not Yet Reviewed</attestation_status><attested>false</attested><attested_by/><attested_date/><attributes/><busines_criticality>2 - somewhat critical</busines_criticality><business_contact/><business_need/><business_relation_manager/><business_unit/><can_print>false</can_print><category>Business Service</category><change_control display_value="CAB Approval" name="CAB Approval">b85d44954a3623120004689b2d5dd60a</change_control><checked_in/><checked_out/><checkout/><comments/><company/><compatibility_dependencies/><consumer_type>internal</consumer_type><correlation_id/><cost/><cost_cc>USD</cost_cc><cost_center/><delivery_date/><delivery_manager/><department/><discovery_source/><dns_domain/><due/><due_in/><duplicate_of/><end_date/><environment/><fault_count>0</fault_count><first_discovered/><fqdn/><gl_account/><install_date/><install_status>1</install_status><invoice_number/><ip_address/><justification/><last_discovered/><last_review_date/><lease_id/><life_cycle_stage/><life_cycle_stage_status/><location/><mac_address/><maintenance_schedule/><managed_by/><managed_by_group/><manufacturer/><model_id/><model_number/><monitor>false</monitor><monitoring_requirements/><name>Training</name><number>BSN0001021</number><operational_status>1</operational_status><order_date/><owned_by display_value="Annette Frietas">62826bf03710200044e0bfc8bcbe5de8</owned_by><parent/><po_number/><portfolio_status>pipeline</portfolio_status><prerequisites/><price_model>per_unit</price_model><price_unit/><product_instance_id/><published_ref/><purchase_date/><schedule/><serial_number/><service_classification>Business Service</service_classification><service_level_requirement/><service_owner_delegate/><service_status>requirements</service_status><short_description/><skip_sync>false</skip_sync><sla/><spm_service_portfolio/><spm_taxonomy_node/><stakeholders/><start_date/><state/><subcategory>Service</subcategory><support_group display_value="Training Technology Support" name="Training Technology Support">a6d98d24215a5a107f44387bff092241</support_group><supported_by/><sys_class_name>cmdb_ci_service</sys_class_name><sys_class_path>/!!/!7</sys_class_path><sys_created_by>admin</sys_created_by><sys_created_on>2024-12-02 15:38:23</sys_created_on><sys_domain>global</sys_domain><sys_domain_path>/</sys_domain_path><sys_id>6b690524215a5a107f44387bff092254</sys_id><sys_mod_count>1</sys_mod_count><sys_updated_by>admin</sys_updated_by><sys_updated_on>2024-12-02 15:43:42</sys_updated_on><unit_description/><unverified>false</unverified><used_for>Production</used_for><user_group/><vendor/><version/><warranty_expiration/></cmdb_ci_service><sys_translated_text action="delete_multiple" query="documentkey=6b690524215a5a107f44387bff092254"/></record_update>]]></payload>
<payload_hash>-1490674925</payload_hash>
<remote_update_set display_value="SNAF_XAN_Lab_3.3.1">9356126821de5a107f44387bff0922ce</remote_update_set>
<replace_on_upgrade>false</replace_on_upgrade>
<sys_created_by>admin</sys_created_by>
<sys_created_on>2024-12-02 21:14:01</sys_created_on>
<sys_id>5756126821de5a107f44387bff0922ce</sys_id>
<sys_mod_count>0</sys_mod_count>
<sys_recorded_at>193880af43c0000001</sys_recorded_at>
<sys_updated_by>admin</sys_updated_by>
<sys_updated_on>2024-12-02 21:14:01</sys_updated_on>
<table/>
<target_name>Training</target_name>
<type>Service</type>
<update_domain>global</update_domain>
<update_guid>b4da81640b5a5a10496e29167865528f</update_guid>
<update_guid_history>b4da81640b5a5a10496e29167865528f:-1490674925</update_guid_history>
<update_set display_value=""/>
<view/>
</sys_update_xml>
<sys_update_xml action="INSERT_OR_UPDATE">
<action>INSERT_OR_UPDATE</action>
<application display_value="Global">global</application>
<category>customer</category>
<comments/>
<name>sys_user_grmember_e80a4164215a5a107f44387bff0922a3</name>
<payload><![CDATA[<?xml version="1.0" encoding="UTF-8"?><record_update table="sys_user_grmember"><sys_user_grmember action="INSERT_OR_UPDATE"><group display_value="Training Technology Support" name="Training Technology Support">a6d98d24215a5a107f44387bff092241</group><points>0</points><scrum_role/><sys_created_by>admin</sys_created_by><sys_created_on>2024-12-02 15:40:25</sys_created_on><sys_id>e80a4164215a5a107f44387bff0922a3</sys_id><sys_mod_count>0</sys_mod_count><sys_updated_by>admin</sys_updated_by><sys_updated_on>2024-12-02 15:40:25</sys_updated_on><user display_value="David Loo">5137153cc611227c000bbd1bd8cd2007</user></sys_user_grmember></record_update>]]></payload>
<payload_hash>349489875</payload_hash>
<remote_update_set display_value="SNAF_XAN_Lab_3.3.1">9356126821de5a107f44387bff0922ce</remote_update_set>
<replace_on_upgrade>false</replace_on_upgrade>
<sys_created_by>admin</sys_created_by>
<sys_created_on>2024-12-02 21:14:01</sys_created_on>
<sys_id>5f56126821de5a107f44387bff0922cf</sys_id>
<sys_mod_count>0</sys_mod_count>
<sys_recorded_at>1938807fcc50000001</sys_recorded_at>
<sys_updated_by>admin</sys_updated_by>
<sys_updated_on>2024-12-02 21:14:01</sys_updated_on>
<table/>
<target_name>David Loo.Training Technology Support</target_name>
<type>Group Member</type>
<update_domain>global</update_domain>
<update_guid>151a0564015a5a10ef37963eb8869225</update_guid>
<update_guid_history>151a0564015a5a10ef37963eb8869225:349489875</update_guid_history>
<update_set display_value=""/>
<view/>
</sys_update_xml>
<sys_update_xml action="INSERT_OR_UPDATE">
<action>INSERT_OR_UPDATE</action>
<application display_value="Global">global</application>
<category>customer</category>
<comments/>
<name>sys_user_grmember_e80a4164215a5a107f44387bff0922a1</name>
<payload><![CDATA[<?xml version="1.0" encoding="UTF-8"?><record_update table="sys_user_grmember"><sys_user_grmember action="INSERT_OR_UPDATE"><group display_value="Training Technology Support" name="Training Technology Support">a6d98d24215a5a107f44387bff092241</group><points>0</points><scrum_role/><sys_created_by>admin</sys_created_by><sys_created_on>2024-12-02 15:40:25</sys_created_on><sys_id>e80a4164215a5a107f44387bff0922a1</sys_id><sys_mod_count>0</sys_mod_count><sys_updated_by>admin</sys_updated_by><sys_updated_on>2024-12-02 15:40:25</sys_updated_on><user display_value="Bow Ruggeri">f298d2d2c611227b0106c6be7f154bc8</user></sys_user_grmember></record_update>]]></payload>
<payload_hash>-1674219286</payload_hash>
<remote_update_set display_value="SNAF_XAN_Lab_3.3.1">9356126821de5a107f44387bff0922ce</remote_update_set>
<replace_on_upgrade>false</replace_on_upgrade>
<sys_created_by>admin</sys_created_by>
<sys_created_on>2024-12-02 21:14:01</sys_created_on>
<sys_id>9b56126821de5a107f44387bff0922cf</sys_id>
<sys_mod_count>0</sys_mod_count>
<sys_recorded_at>1938807fca70000001</sys_recorded_at>
<sys_updated_by>admin</sys_updated_by>
<sys_updated_on>2024-12-02 21:14:01</sys_updated_on>
<table/>
<target_name>Bow Ruggeri.Training Technology Support</target_name>
<type>Group Member</type>
<update_domain>global</update_domain>
<update_guid>911a0564e75a5a1061f74691b6ecbc23</update_guid>
<update_guid_history>911a0564e75a5a1061f74691b6ecbc23:-1674219286</update_guid_history>
<update_set display_value=""/>
<view/>
</sys_update_xml>
<sys_update_xml action="INSERT_OR_UPDATE">
<action>INSERT_OR_UPDATE</action>
<application display_value="Global">global</application>
<category>customer</category>
<comments/>
<name>sys_choice_incident_subcategory</name>
<payload><![CDATA[<?xml version="1.0" encoding="UTF-8"?><record_update><sys_choice action="INSERT_OR_UPDATE" field="subcategory" table="incident" version="3"><sys_choice_set action="INSERT_OR_UPDATE"><element>subcategory</element><name>incident</name><sys_class_name>sys_choice_set</sys_class_name><sys_created_by>system</sys_created_by><sys_created_on>2024-11-21 19:18:15</sys_created_on><sys_id>40625dc9838212107f44fd2d4eda1e90</sys_id><sys_mod_count>0</sys_mod_count><sys_name>subcategory</sys_name><sys_package display_value="Incident" source="com.snc.incident">63525dc9838212107f44fd2d4eda1e1d</sys_package><sys_policy/><sys_scope display_value="Global">global</sys_scope><sys_update_name>sys_choice_incident_subcategory</sys_update_name><sys_updated_by>system</sys_updated_by><sys_updated_on>2024-11-21 19:18:15</sys_updated_on></sys_choice_set><sys_choice action="INSERT_OR_UPDATE"><dependent_value>inquiry</dependent_value><element>subcategory</element><hint/><inactive>false</inactive><label>Antivirus</label><language>en</language><name>incident</name><sequence/><synonyms/><sys_created_by>system</sys_created_by><sys_created_on>2024-11-21 19:18:15</sys_created_on><sys_domain>global</sys_domain><sys_domain_path/><sys_id>c8625dc9838212107f44fd2d4eda1e8e</sys_id><sys_mod_count>0</sys_mod_count><sys_updated_by>system</sys_updated_by><sys_updated_on>2024-11-21 19:18:15</sys_updated_on><value>antivirus</value></sys_choice><sys_choice action="INSERT_OR_UPDATE"><dependent_value>database</dependent_value><element>subcategory</element><hint/><inactive>false</inactive><label>DB2</label><language>en</language><name>incident</name><sequence/><synonyms/><sys_created_by>system</sys_created_by><sys_created_on>2024-11-21 19:18:15</sys_created_on><sys_domain>global</sys_domain><sys_domain_path/><sys_id>c8625dc9838212107f44fd2d4eda1e8f</sys_id><sys_mod_count>0</sys_mod_count><sys_updated_by>system</sys_updated_by><sys_updated_on>2024-11-21 19:18:15</sys_updated_on><value>db2</value></sys_choice><sys_choice action="INSERT_OR_UPDATE"><dependent_value>network</dependent_value><element>subcategory</element><hint/><inactive>false</inactive><label>DHCP</label><language>en</language><name>incident</name><sequence/><synonyms/><sys_created_by>system</sys_created_by><sys_created_on>2024-11-21 19:18:15</sys_created_on><sys_domain>global</sys_domain><sys_domain_path/><sys_id>08625dc9838212107f44fd2d4eda1e8f</sys_id><sys_mod_count>0</sys_mod_count><sys_updated_by>system</sys_updated_by><sys_updated_on>2024-11-21 19:18:15</sys_updated_on><value>dhcp</value></sys_choice><sys_choice action="INSERT_OR_UPDATE"><dependent_value>network</dependent_value><element>subcategory</element><hint/><inactive>false</inactive><label>DNS</label><language>en</language><name>incident</name><sequence/><synonyms/><sys_created_by>system</sys_created_by><sys_created_on>2024-11-21 19:18:15</sys_created_on><sys_domain>global</sys_domain><sys_domain_path/><sys_id>88625dc9838212107f44fd2d4eda1e8f</sys_id><sys_mod_count>0</sys_mod_count><sys_updated_by>system</sys_updated_by><sys_updated_on>2024-11-21 19:18:15</sys_updated_on><value>dns</value></sys_choice><sys_choice action="INSERT_OR_UPDATE"><dependent_value>inquiry</dependent_value><element>subcategory</element><hint/><inactive>false</inactive><label>Email</label><language>en</language><name>incident</name><sequence/><synonyms/><sys_created_by>system</sys_created_by><sys_created_on>2024-11-21 19:18:15</sys_created_on><sys_domain>global</sys_domain><sys_domain_path/><sys_id>0c625dc9838212107f44fd2d4eda1e8e</sys_id><sys_mod_count>0</sys_mod_count><sys_updated_by>system</sys_updated_by><sys_updated_on>2024-11-21 19:18:15</sys_updated_on><value>email</value></sys_choice><sys_choice action="INSERT_OR_UPDATE"><dependent_value>software</dependent_value><element>subcategory</element><hint/><inactive>false</inactive><label>Email</label><language>en</language><name>incident</name><sequence/><synonyms/><sys_created_by>system</sys_created_by><sys_created_on>2024-11-21 19:18:15</sys_created_on><sys_domain>global</sys_domain><sys_domain_path/><sys_id>cc625dc9838212107f44fd2d4eda1e8e</sys_id><sys_mod_count>0</sys_mod_count><sys_updated_by>system</sys_updated_by><sys_updated_on>2024-11-21 19:18:15</sys_updated_on><value>email</value></sys_choice><sys_choice action="INSERT_OR_UPDATE"><dependent_value>inquiry</dependent_value><element>subcategory</element><hint/><inactive>false</inactive><label>Internal Application</label><language>en</language><name>incident</name><sequence/><synonyms/><sys_created_by>system</sys_created_by><sys_created_on>2024-11-21 19:18:15</sys_created_on><sys_domain>global</sys_domain><sys_domain_path/><sys_id>4c625dc9838212107f44fd2d4eda1e8e</sys_id><sys_mod_count>0</sys_mod_count><sys_updated_by>system</sys_updated_by><sys_updated_on>2024-11-21 19:18:15</sys_updated_on><value>internal application</value></sys_choice><sys_choice action="INSERT_OR_UPDATE"><dependent_value>network</dependent_value><element>subcategory</element><hint/><inactive>false</inactive><label>IP Address</label><language>en</language><name>incident</name><sequence/><synonyms/><sys_created_by>system</sys_created_by><sys_created_on>2024-11-21 19:18:15</sys_created_on><sys_domain>global</sys_domain><sys_domain_path/><sys_id>48625dc9838212107f44fd2d4eda1e8f</sys_id><sys_mod_count>0</sys_mod_count><sys_updated_by>system</sys_updated_by><sys_updated_on>2024-11-21 19:18:15</sys_updated_on><value>ip address</value></sys_choice><sys_choice action="INSERT_OR_UPDATE"><dependent_value>database</dependent_value><element>subcategory</element><hint/><inactive>false</inactive><label>Oracle</label><language>en</language><name>incident</name><sequence/><synonyms/><sys_created_by>system</sys_created_by><sys_created_on>2024-11-21 19:18:15</sys_created_on><sys_domain>global</sys_domain><sys_domain_path/><sys_id>0c625dc9838212107f44fd2d4eda1e8f</sys_id><sys_mod_count>0</sys_mod_count><sys_updated_by>system</sys_updated_by><sys_updated_on>2024-11-21 19:18:15</sys_updated_on><value>oracle</value></sys_choice><sys_choice action="INSERT_OR_UPDATE"><dependent_value>software</dependent_value><element>subcategory</element><hint/><inactive>false</inactive><label>Operating System</label><language>en</language><name>incident</name><sequence/><synonyms/><sys_created_by>system</sys_created_by><sys_created_on>2024-11-21 19:18:15</sys_created_on><sys_domain>global</sys_domain><sys_domain_path/><sys_id>8c625dc9838212107f44fd2d4eda1e8e</sys_id><sys_mod_count>0</sys_mod_count><sys_updated_by>system</sys_updated_by><sys_updated_on>2024-11-21 19:18:15</sys_updated_on><value>os</value></sys_choice><sys_choice action="INSERT_OR_UPDATE"><dependent_value>database</dependent_value><element>subcategory</element><hint/><inactive>false</inactive><label>MS SQL Server</label><language>en</language><name>incident</name><sequence/><synonyms/><sys_created_by>system</sys_created_by><sys_created_on>2024-11-21 19:18:15</sys_created_on><sys_domain>global</sys_domain><sys_domain_path/><sys_id>4c625dc9838212107f44fd2d4eda1e8f</sys_id><sys_mod_count>0</sys_mod_count><sys_updated_by>system</sys_updated_by><sys_updated_on>2024-11-21 19:18:15</sys_updated_on><value>sql server</value></sys_choice><sys_choice action="INSERT_OR_UPDATE"><dependent_value>network</dependent_value><element>subcategory</element><hint/><inactive>false</inactive><label>VPN</label><language>en</language><name>incident</name><sequence/><synonyms/><sys_created_by>system</sys_created_by><sys_created_on>2024-11-21 19:18:15</sys_created_on><sys_domain>global</sys_domain><sys_domain_path/><sys_id>84625dc9838212107f44fd2d4eda1e8f</sys_id><sys_mod_count>0</sys_mod_count><sys_updated_by>system</sys_updated_by><sys_updated_on>2024-11-21 19:18:15</sys_updated_on><value>vpn</value></sys_choice><sys_choice action="INSERT_OR_UPDATE"><dependent_value>network</dependent_value><element>subcategory</element><hint/><inactive>false</inactive><label>Wireless</label><language>en</language><name>incident</name><sequence/><synonyms/><sys_created_by>system</sys_created_by><sys_created_on>2024-11-21 19:18:15</sys_created_on><sys_domain>global</sys_domain><sys_domain_path/><sys_id>c4625dc9838212107f44fd2d4eda1e8f</sys_id><sys_mod_count>0</sys_mod_count><sys_updated_by>system</sys_updated_by><sys_updated_on>2024-11-21 19:18:15</sys_updated_on><value>wireless</value></sys_choice><sys_choice action="INSERT_OR_UPDATE"><dependent_value>hardware</dependent_value><element>subcategory</element><hint/><inactive>false</inactive><label>CPU</label><language>en</language><name>incident</name><sequence>0</sequence><synonyms/><sys_created_by>system</sys_created_by><sys_created_on>2024-11-21 19:18:15</sys_created_on><sys_domain>global</sys_domain><sys_domain_path/><sys_id>00625dc9838212107f44fd2d4eda1e8f</sys_id><sys_mod_count>1</sys_mod_count><sys_updated_by>admin</sys_updated_by><sys_updated_on>2024-12-02 15:37:06</sys_updated_on><value>cpu</value></sys_choice><sys_choice action="INSERT_OR_UPDATE"><dependent_value>hardware</dependent_value><element>subcategory</element><hint/><inactive>false</inactive><label>Disk</label><language>en</language><name>incident</name><sequence>1</sequence><synonyms/><sys_created_by>system</sys_created_by><sys_created_on>2024-11-21 19:18:15</sys_created_on><sys_domain>global</sys_domain><sys_domain_path/><sys_id>80625dc9838212107f44fd2d4eda1e8f</sys_id><sys_mod_count>1</sys_mod_count><sys_updated_by>admin</sys_updated_by><sys_updated_on>2024-12-02 15:37:06</sys_updated_on><value>disk</value></sys_choice><sys_choice action="INSERT_OR_UPDATE"><dependent_value>hardware</dependent_value><element>subcategory</element><hint/><inactive>false</inactive><label>Firmware</label><language>en</language><name>incident</name><sequence>2</sequence><synonyms/><sys_created_by>admin</sys_created_by><sys_created_on>2024-12-02 15:37:06</sys_created_on><sys_domain>global</sys_domain><sys_domain_path>/</sys_domain_path><sys_id>4449cde0215a5a107f44387bff0922c6</sys_id><sys_mod_count>0</sys_mod_count><sys_updated_by>admin</sys_updated_by><sys_updated_on>2024-12-02 15:37:06</sys_updated_on><value>Firmware</value></sys_choice><sys_choice action="INSERT_OR_UPDATE"><dependent_value>hardware</dependent_value><element>subcategory</element><hint/><inactive>false</inactive><label>Keyboard</label><language>en</language><name>incident</name><sequence>3</sequence><synonyms/><sys_created_by>system</sys_created_by><sys_created_on>2024-11-21 19:18:15</sys_created_on><sys_domain>global</sys_domain><sys_domain_path/><sys_id>04625dc9838212107f44fd2d4eda1e8f</sys_id><sys_mod_count>1</sys_mod_count><sys_updated_by>admin</sys_updated_by><sys_updated_on>2024-12-02 15:37:06</sys_updated_on><value>keyboard</value></sys_choice><sys_choice action="INSERT_OR_UPDATE"><dependent_value>hardware</dependent_value><element>subcategory</element><hint/><inactive>false</inactive><label>Memory</label><language>en</language><name>incident</name><sequence>4</sequence><synonyms/><sys_created_by>system</sys_created_by><sys_created_on>2024-11-21 19:18:15</sys_created_on><sys_domain>global</sys_domain><sys_domain_path/><sys_id>40625dc9838212107f44fd2d4eda1e8f</sys_id><sys_mod_count>1</sys_mod_count><sys_updated_by>admin</sys_updated_by><sys_updated_on>2024-12-02 15:37:06</sys_updated_on><value>memory</value></sys_choice><sys_choice action="INSERT_OR_UPDATE"><dependent_value>hardware</dependent_value><element>subcategory</element><hint/><inactive>false</inactive><label>Monitor</label><language>en</language><name>incident</name><sequence>5</sequence><synonyms/><sys_created_by>system</sys_created_by><sys_created_on>2024-11-21 19:18:15</sys_created_on><sys_domain>global</sys_domain><sys_domain_path/><sys_id>c0625dc9838212107f44fd2d4eda1e8f</sys_id><sys_mod_count>1</sys_mod_count><sys_updated_by>admin</sys_updated_by><sys_updated_on>2024-12-02 15:37:06</sys_updated_on><value>monitor</value></sys_choice><sys_choice action="INSERT_OR_UPDATE"><dependent_value>hardware</dependent_value><element>subcategory</element><hint/><inactive>false</inactive><label>Mouse</label><language>en</language><name>incident</name><sequence>6</sequence><synonyms/><sys_created_by>system</sys_created_by><sys_created_on>2024-11-21 19:18:15</sys_created_on><sys_domain>global</sys_domain><sys_domain_path/><sys_id>44625dc9838212107f44fd2d4eda1e8f</sys_id><sys_mod_count>1</sys_mod_count><sys_updated_by>admin</sys_updated_by><sys_updated_on>2024-12-02 15:37:06</sys_updated_on><value>mouse</value></sys_choice></sys_choice></record_update>]]></payload>
<payload_hash>826088618</payload_hash>
<remote_update_set display_value="SNAF_XAN_Lab_3.3.1">9356126821de5a107f44387bff0922ce</remote_update_set>
<replace_on_upgrade>false</replace_on_upgrade>
<sys_created_by>admin</sys_created_by>
<sys_created_on>2024-12-02 21:14:01</sys_created_on>
<sys_id>9f56126821de5a107f44387bff0922ce</sys_id>
<sys_mod_count>0</sys_mod_count>
<sys_recorded_at>1938804a85d0000001</sys_recorded_at>
<sys_updated_by>admin</sys_updated_by>
<sys_updated_on>2024-12-02 21:14:01</sys_updated_on>
<table>incident</table>
<target_name>Incident.Subcategory</target_name>
<type>Choice list</type>
<update_domain>global</update_domain>
<update_guid>0849cde0b05a5a10e35a78f1f5f011ec</update_guid>
<update_guid_history>0849cde0b05a5a10e35a78f1f5f011ec:826088618</update_guid_history>
<update_set display_value=""/>
<view/>
</sys_update_xml>
<sys_update_xml action="INSERT_OR_UPDATE">
<action>INSERT_OR_UPDATE</action>
<application display_value="Global">global</application>
<category>customer</category>
<comments/>
<name>sys_user_grmember_e80a4164215a5a107f44387bff09229f</name>
<payload><![CDATA[<?xml version="1.0" encoding="UTF-8"?><record_update table="sys_user_grmember"><sys_user_grmember action="INSERT_OR_UPDATE"><group display_value="Training Technology Support" name="Training Technology Support">a6d98d24215a5a107f44387bff092241</group><points>0</points><scrum_role/><sys_created_by>admin</sys_created_by><sys_created_on>2024-12-02 15:40:25</sys_created_on><sys_id>e80a4164215a5a107f44387bff09229f</sys_id><sys_mod_count>0</sys_mod_count><sys_updated_by>admin</sys_updated_by><sys_updated_on>2024-12-02 15:40:25</sys_updated_on><user display_value="Beth Anglin">46d44a23a9fe19810012d100cca80666</user></sys_user_grmember></record_update>]]></payload>
<payload_hash>-741971262</payload_hash>
<remote_update_set display_value="SNAF_XAN_Lab_3.3.1">9356126821de5a107f44387bff0922ce</remote_update_set>
<replace_on_upgrade>false</replace_on_upgrade>
<sys_created_by>admin</sys_created_by>
<sys_created_on>2024-12-02 21:14:01</sys_created_on>
<sys_id>d756126821de5a107f44387bff0922cf</sys_id>
<sys_mod_count>0</sys_mod_count>
<sys_recorded_at>1938807fc8d0000001</sys_recorded_at>
<sys_updated_by>admin</sys_updated_by>
<sys_updated_on>2024-12-02 21:14:01</sys_updated_on>
<table/>
<target_name>Beth Anglin.Training Technology Support</target_name>
<type>Group Member</type>
<update_domain>global</update_domain>
<update_guid>111a05644b5a5a1090e77b946eedc621</update_guid>
<update_guid_history>111a05644b5a5a1090e77b946eedc621:-741971262</update_guid_history>
<update_set display_value=""/>
<view/>
</sys_update_xml>
<sys_update_xml action="INSERT_OR_UPDATE">
<action>INSERT_OR_UPDATE</action>
<application display_value="Global">global</application>
<category>customer</category>
<comments/>
<name>sys_app_module_1d5249a8211a5a107f44387bff092299</name>
<payload><![CDATA[<?xml version="1.0" encoding="UTF-8"?><record_update sys_domain="global" table="sys_app_module"><sys_app_module action="INSERT_OR_UPDATE"><active>true</active><application display_value="HHD">ef2245a8211a5a107f44387bff092243</application><assessment/><device_type/><filter table="incident">service_offering=9c990924215a5a107f44387bff092212^EQ<item display_table="service_offering" display_value="Infinity (HHD)" endquery="false" field="service_offering" goto="false" newquery="false" operator="=" or="false" value="9c990924215a5a107f44387bff092212"/><item endquery="true" field="" goto="false" newquery="false" operator="=" or="false" value=""/></filter><hint>HHD Incidents and Inquiries</hint><homepage/><image/><link_type>LIST</link_type><map_page/><mobile_title>Incidents and Inquiries</mobile_title><mobile_view_name>Mobile</mobile_view_name><name>incident</name><order>10</order><override_menu_roles>false</override_menu_roles><query/><report/><require_confirmation>true</require_confirmation><roles>itil</roles><sys_class_name>sys_app_module</sys_class_name><sys_created_by>admin</sys_created_by><sys_created_on>2024-12-02 15:08:06</sys_created_on><sys_domain>global</sys_domain><sys_domain_path>/</sys_domain_path><sys_id>1d5249a8211a5a107f44387bff092299</sys_id><sys_mod_count>1</sys_mod_count><sys_name>Incidents and Inquiries</sys_name><sys_overrides/><sys_package display_value="Global" source="global">global</sys_package><sys_policy/><sys_scope display_value="Global">global</sys_scope><sys_update_name>sys_app_module_1d5249a8211a5a107f44387bff092299</sys_update_name><sys_updated_by>admin</sys_updated_by><sys_updated_on>2024-12-02 15:47:01</sys_updated_on><timeline_page/><title>Incidents and Inquiries</title><uncancelable>false</uncancelable><view_name>HHD</view_name><window_name/></sys_app_module></record_update>]]></payload>
<payload_hash>836827195</payload_hash>
<remote_update_set display_value="SNAF_XAN_Lab_3.3.1">9356126821de5a107f44387bff0922ce</remote_update_set>
<replace_on_upgrade>false</replace_on_upgrade>
<sys_created_by>admin</sys_created_by>
<sys_created_on>2024-12-02 21:14:01</sys_created_on>
<sys_id>db56126821de5a107f44387bff0922ce</sys_id>
<sys_mod_count>0</sys_mod_count>
<sys_recorded_at>193880dbc1c0000001</sys_recorded_at>
<sys_updated_by>admin</sys_updated_by>
<sys_updated_on>2024-12-02 21:14:01</sys_updated_on>
<table>incident</table>
<target_name>Incidents and Inquiries</target_name>
<type>Module</type>
<update_domain>global</update_domain>
<update_guid>558b09e4e55a5a104c2b337b9961a9f5</update_guid>
<update_guid_history>558b09e4e55a5a104c2b337b9961a9f5:836827195,9f92cda82a1a5a106a60d6f2e0ac986f:52190629</update_guid_history>
<update_set display_value=""/>
<view/>
</sys_update_xml>
</unload>
